-- MySQL dump 10.13  Distrib 8.0.30, for Win64 (x86_64)
--
-- Host: localhost    Database: goerasmus
-- ------------------------------------------------------
-- Server version	8.0.30

/*!40101 SET @OLD_CHARACTER_SET_CLIENT=@@CHARACTER_SET_CLIENT */;
/*!40101 SET @OLD_CHARACTER_SET_RESULTS=@@CHARACTER_SET_RESULTS */;
/*!40101 SET @OLD_COLLATION_CONNECTION=@@COLLATION_CONNECTION */;
/*!50503 SET NAMES utf8 */;
/*!40103 SET @OLD_TIME_ZONE=@@TIME_ZONE */;
/*!40103 SET TIME_ZONE='+00:00' */;
/*!40014 SET @OLD_UNIQUE_CHECKS=@@UNIQUE_CHECKS, UNIQUE_CHECKS=0 */;
/*!40014 SET @OLD_FOREIGN_KEY_CHECKS=@@FOREIGN_KEY_CHECKS, FOREIGN_KEY_CHECKS=0 */;
/*!40101 SET @OLD_SQL_MODE=@@SQL_MODE, SQL_MODE='NO_AUTO_VALUE_ON_ZERO' */;
/*!40111 SET @OLD_SQL_NOTES=@@SQL_NOTES, SQL_NOTES=0 */;

--
-- Table structure for table `archivo`
--

DROP TABLE IF EXISTS `archivo`;
/*!40101 SET @saved_cs_client     = @@character_set_client */;
/*!50503 SET character_set_client = utf8mb4 */;
CREATE TABLE `archivo` (
  `idArchivo` int NOT NULL AUTO_INCREMENT,
  `nombreArchivo` varchar(255) NOT NULL,
  `titulo` varchar(100) NOT NULL,
  `descripcion` varchar(255) DEFAULT NULL,
  `urlArchivo` varchar(255) NOT NULL,
  `fecha` datetime NOT NULL,
  `usuario_idUsuario` int NOT NULL,
  `asignatura_idAsignatura` int NOT NULL,
  PRIMARY KEY (`idArchivo`),
  UNIQUE KEY `url_archivo_UNIQUE` (`urlArchivo`),
  KEY `fk_archivos_usuario1_idx` (`usuario_idUsuario`),
  KEY `fk_Archivo_Asignatura1_idx` (`asignatura_idAsignatura`),
  CONSTRAINT `fk_Archivo_Asignatura1` FOREIGN KEY (`asignatura_idAsignatura`) REFERENCES `asignatura` (`idAsignatura`) ON DELETE CASCADE,
  CONSTRAINT `fk_archivos_usuario1` FOREIGN KEY (`usuario_idUsuario`) REFERENCES `usuario` (`idUsuario`) ON DELETE CASCADE
) ENGINE=InnoDB AUTO_INCREMENT=15 DEFAULT CHARSET=utf8mb4 COLLATE=utf8mb4_0900_ai_ci;
/*!40101 SET character_set_client = @saved_cs_client */;

--
-- Dumping data for table `archivo`
--

LOCK TABLES `archivo` WRITE;
/*!40000 ALTER TABLE `archivo` DISABLE KEYS */;
INSERT INTO `archivo` VALUES (1,'prueba','Apuntes completos','Todo el temario en un sitio','https://res.cloudinary.com/dnkmzoohy/image/upload/v1670176882/c33lxksqshvmj7rk09bj.pdf','2022-12-07 13:31:42',1,1),(5,'Bases Cybersec Challenge.pdf','Apuntes tema 1','Subo el primer tema','http://res.cloudinary.com/dnkmzoohy/image/upload/v1683042528/xwd97lqteoua2lwyvjkk.pdf','2023-05-02 17:48:50',19,2),(6,'Bases Cybersec Challenge.pdf','Apuntes tema 2','Aqui va el tema 2','http://res.cloudinary.com/dnkmzoohy/image/upload/v1683042560/ienpzr7k4vgu7yoxhisz.pdf','2023-05-02 17:49:23',19,2),(7,'Bases Cybersec Challenge.pdf','Apuntes tema 3','','http://res.cloudinary.com/dnkmzoohy/image/upload/v1683044561/jtevxzw9hviqceb7t3ed.pdf','2023-05-02 18:22:44',19,2),(8,'Bases Cybersec Challenge.pdf','Examen parcial tipo','Un ejemplo de examen parcial','http://res.cloudinary.com/dnkmzoohy/image/upload/v1683044603/asflbecoeruamtai3ho2.pdf','2023-05-02 18:23:25',19,2),(9,'Bases Cybersec Challenge.pdf','Apuntes tema 4','Un ejemplo de examen parcial','http://res.cloudinary.com/dnkmzoohy/image/upload/v1683044615/x5qtnvicovlhk2vvnlbx.pdf','2023-05-02 18:23:38',19,2),(10,'Bases Cybersec Challenge.pdf','Relacion 1 resuelta','Un ejemplo de examen parcial','http://res.cloudinary.com/dnkmzoohy/image/upload/v1683044639/njrt6auopfq8mcor19yp.pdf','2023-05-02 18:24:02',19,2),(11,'Bases Cybersec Challenge.pdf','Relacion 2 resuelta','Todos los ejercicios resueltos en clase','http://res.cloudinary.com/dnkmzoohy/image/upload/v1683044672/cnx0pnmutsrapqgpuvog.pdf','2023-05-02 18:24:34',19,2),(12,'Bases Cybersec Challenge.pdf','Relacion 3 resuelta','faltan el 2, el 8 y el 15','http://res.cloudinary.com/dnkmzoohy/image/upload/v1683044718/lrm3ivysdqucela00kne.pdf','2023-05-02 18:25:21',19,2),(13,'Bases Cybersec Challenge.pdf','Apuntes temario','Apuntes pasados a ordenador','http://res.cloudinary.com/dnkmzoohy/image/upload/v1683059937/rdcmn58fteqyxt2rsrz2.pdf','2023-05-02 22:38:59',19,1),(14,'Bases Cybersec Challenge.pdf','relacion1 ejercicios','Relacion 1 de ejercicios resueltas hasta el 20','http://res.cloudinary.com/dnkmzoohy/image/upload/v1683059976/ws0kvgzofcqqciyqetqf.pdf','2023-05-02 22:39:39',19,1);
/*!40000 ALTER TABLE `archivo` ENABLE KEYS */;
UNLOCK TABLES;

--
-- Table structure for table `articulo`
--

DROP TABLE IF EXISTS `articulo`;
/*!40101 SET @saved_cs_client     = @@character_set_client */;
/*!50503 SET character_set_client = utf8mb4 */;
CREATE TABLE `articulo` (
  `idArticulo` int NOT NULL AUTO_INCREMENT,
  `titulo` varchar(170) NOT NULL,
  `descripcion` longtext NOT NULL,
  `urlCabecera` varchar(255) NOT NULL,
  `esBorrador` enum('Si','No') NOT NULL DEFAULT 'Si',
  `fechaPublicacion` datetime NOT NULL DEFAULT CURRENT_TIMESTAMP,
  `ciudad_idCiudad` int NOT NULL,
  `usuario_idUsuario` int DEFAULT NULL,
  PRIMARY KEY (`idArticulo`),
  KEY `fk_Articulo_Ciudad1_idx` (`ciudad_idCiudad`),
  KEY `fk_articulo_usuario1_idx` (`usuario_idUsuario`),
  CONSTRAINT `fk_Articulo_Ciudad1` FOREIGN KEY (`ciudad_idCiudad`) REFERENCES `ciudad` (`idCiudad`) ON DELETE CASCADE,
  CONSTRAINT `fk_articulo_usuario1` FOREIGN KEY (`usuario_idUsuario`) REFERENCES `usuario` (`idUsuario`) ON DELETE SET NULL ON UPDATE RESTRICT
) ENGINE=InnoDB AUTO_INCREMENT=73 DEFAULT CHARSET=utf8mb4 COLLATE=utf8mb4_0900_ai_ci;
/*!40101 SET character_set_client = @saved_cs_client */;

--
-- Dumping data for table `articulo`
--

LOCK TABLES `articulo` WRITE;
/*!40000 ALTER TABLE `articulo` DISABLE KEYS */;
INSERT INTO `articulo` VALUES (1,'Consejos para irse de Erasmus a Polonia','**Lorem ipsum dolor sit amet**, consectetur adipiscing elit. Maecenas malesuada pretium congue. Nunc at consectetur ex. Sed imperdiet ex eu magna tristique laoreet. Vestibulum at tortor mi. Sed vestibulum, neque eu porttitor ullamcorper, purus justo congue purus, **nec sollicitudin dolor arcu molestie tortor**. Pellentesque erat quam, tempus sagittis elementum et, cursus ut mi. Sed neque felis, pharetra nec velit ut, aliquet vehicula metus. Ut et laoreet lorem. Donec pulvinar at elit at dictum.\n\n## Nulla velit lectus.\n\nNunc cursus, purus lacinia sagittis porta, dolor arcu molestie elit, vitae tristique urna mauris a arcu. Donec leo purus, molestie sit amet augue vel, rutrum mattis nisl. Aenean viverra molestie lectus, ac maximus mi aliquam porttitor.\n\n* Nulla commodo porttitor sapien, eget malesuada tellus mattis eu. Aenean et porta dolor\n* Fusce nisi dui, aliquet bibendum felis at, lacinia faucibus neque\n* Donec massa est, viverra a cursus ut, semper quis quam. Vestibulum ante ipsum primis in faucibus orci luctus et ultrices posuere cubilia curae; Integer sodales maximus libero, vel imperdiet massa auctor ac\n* Nunc feugiat euismod egestas. Fusce massa metus, lobortis quis metus quis, mollis interdum lacus.\n\n* Nam porta velit eu nisi mollis volutpat. Sed condimentum faucibus sollicitudin.\n\n* Sed mauris massa, cursus sit amet urna et, aliquet lobortis magna.\n\n* Nunc faucibus dolor vel magna euismod, vel congue libero suscipit.\n\n## Aliquam malesuada, tellus eu condimentum ultricies\n\nCurabitur at est est. Sed sit amet nibh vel tortor blandit dignissim. Fusce fringilla velit ac magna lobortis porta vel in dui. Mauris eleifend urna vel nunc gravida, sit amet ultricies mi facilisis. Etiam in sagittis nisl:\n\n1. **Integer lobortis**, massa non interdum tempor, enim erat fringilla erat, a aliquet nulla urna eget erat. Quisque vitae sagittis ligula, quis pharetra libero.\n2. **Quisque eget rhoncus ligula**. Morbi lorem quam, dapibus consequat finibus id, accumsan at ligula.\n3. **Phasellus sodales nulla mi, convallis mattis nulla mollis at**. Pellentesque nisi velit, dapibus vel interdum vel, ullamcorper quis lectus.\n\n### Pellentesque ultrices, felis id consequat sagittis\n\n**_Vivamus condimentum varius egestas_**. Cras eleifend iaculis orci, nec venenatis sem fermentum eget. Sed felis ipsum, porta a enim quis, bibendum fermentum elit. Ut posuere felis sed pulvinar euismod. Donec non aliquet elit, vel sodales risus. Ut accumsan orci enim, nec posuere nisl tempus ac. Ut sapien sem, laoreet eu lorem sodales, sollicitudin ullamcorper orci. Etiam odio magna, vehicula mattis mollis sit amet, vulputate vel libero. Nulla eget quam id velit lobortis egestas. Mauris vitae magna a nibh pellentesque finibus. Fusce _gravida neque ac bibendum_ consequat. Integer dignissim sagittis lorem sit amet aliquam. Quisque massa lacus, ornare ac purus non, finibus congue turpis. Class aptent _taciti sociosqu ad litora_ torquent per conubia nostra, per inceptos himenaeos. Donec eu tellus in leo vulputate tempor. Ut leo risus, vestibulum et tempus id, accumsan nec orci.\n\nVivamus euismod dolor vitae tristique sodales. Nunc varius finibus velit eu aliquet. Donec a ipsum diam. In id rhoncus leo, vitae fermentum diam. Aliquam sodales pellentesque lectus, a tincidunt magna tincidunt nec. Interdum et malesuada fames ac ante ipsum primis in faucibus. **Phasellus ac libero vitae leo porta maximus eu varius lorem**. Sed molestie mi quis mi accumsan porta. Fusce vulputate non elit non efficitur. Fusce sed leo quis justo molestie laoreet. Donec dictum ultrices lacinia. Nam aliquam id nibh eget congue. Maecenas faucibus purus velit, ac porta ligula iaculis sed.\n\nUt vel arcu nunc. Mauris ac tempor nisi. Nam vel mollis nibh. In luctus semper est. Nam lacinia odio ut suscipit dictum. Aliquam accumsan lectus sit amet mi ultrices aliquet. Fusce eu dolor vitae arcu pretium viverra.\n\n## Nullam lectus leo, ultricies nec bibendum sed, ultrices dictum velit\n\nPraesent congue dapibus eros vitae eleifend. Suspendisse posuere lobortis tempus. In hac habitasse platea dictumst. Vestibulum a lorem bibendum, accumsan tortor id, feugiat velit. Maecenas tincidunt magna tellus, vitae tristique metus blandit auctor. Pellentesque ipsum odio, faucibus sit amet sodales nec, pharetra eget erat. In lacinia sapien quis metus eleifend, in aliquam lorem maximus.\n\nMauris vulputate orci enim, nec mollis velit placerat nec. Phasellus odio ex, maximus at felis a, egestas mattis nisi. Nullam tristique cursus tempus. Maecenas venenatis euismod nunc, vel cursus leo suscipit quis. Nullam fermentum molestie metus, ut egestas neque maximus vitae. **Vivamus tellus est, ullamcorper quis luctus id, mollis in tellus**. Aliquam tempus elit placerat dictum varius. Duis felis nulla, hendrerit nec ultrices eget, interdum varius tellus. Fusce tortor nibh, suscipit in vehicula non, vestibulum sit amet arcu. Etiam vestibulum elit vitae tellus egestas condimentum. Cras non aliquam augue. Vestibulum consequat ullamcorper eleifend. Curabitur lacinia consequat nisi, a bibendum arcu. Ut posuere massa vel ante luctus, fringilla maximus purus ultricies.\n\nNulla convallis, lorem nec volutpat rutrum, magna orci ornare urna, laoreet ultricies lacus mi sit amet est. Etiam accumsan lacus non mi mattis, non hendrerit dolor condimentum. Sed accumsan commodo mattis. Proin aliquam tristique lacus, quis porta nulla facilisis quis. Donec accumsan consectetur dui eu tristique. Vestibulum eros libero, cursus nec hendrerit sed, aliquam in ex. Proin lobortis massa non felis tincidunt laoreet.\n\n## Mauris ut euismod lacus\n\nVestibulum elementum tellus in massa bibendum tincidunt. Mauris sed fermentum ante. Nulla convallis in velit quis rhoncus. Aliquam in condimentum augue, sit amet aliquam orci. Ut faucibus commodo ante, sit amet sollicitudin eros placerat et. Nulla quis elementum sem. Nunc non dictum tortor, a aliquet nisi.\n\n### Integer sodales ultrices erat nec efficitur.\n\nNunc ultricies diam nec arcu porttitor congue. Pellentesque ipsum eros, vulputate eu egestas nec, accumsan ut erat. Praesent mi elit, pharetra nec massa et, gravida luctus felis.\n\nPraesent congue dapibus eros vitae eleifend. Suspendisse posuere lobortis tempus. In hac habitasse platea dictumst. Vestibulum a lorem bibendum, accumsan tortor id, feugiat velit. Maecenas tincidunt magna tellus, vitae tristique metus blandit auctor. Pellentesque ipsum odio, faucibus sit amet sodales nec, pharetra eget erat. In lacinia sapien quis metus eleifend, in aliquam lorem maximus.','https://res.cloudinary.com/dnkmzoohy/image/upload/v1668105655/ciudades/Varsovia_h0kxym.jpg','No','2023-02-11 20:00:31',1,6),(2,'Qué visitar en Brno durante el Erasmus','**Lorem ipsum dolor sit amet**, consectetur adipiscing elit. Maecenas malesuada pretium congue. Nunc at consectetur ex. Sed imperdiet ex eu magna tristique laoreet. Vestibulum at tortor mi. Sed vestibulum, neque eu porttitor ullamcorper, purus justo congue purus, **nec sollicitudin dolor arcu molestie tortor**. Pellentesque erat quam, tempus sagittis elementum et, cursus ut mi. Sed neque felis, pharetra nec velit ut, aliquet vehicula metus. Ut et laoreet lorem. Donec pulvinar at elit at dictum.\n\n## Nulla velit lectus.\n\nNunc cursus, purus lacinia sagittis porta, dolor arcu molestie elit, vitae tristique urna mauris a arcu. Donec leo purus, molestie sit amet augue vel, rutrum mattis nisl. Aenean viverra molestie lectus, ac maximus mi aliquam porttitor.\n\n* Nulla commodo porttitor sapien, eget malesuada tellus mattis eu. Aenean et porta dolor\n* Fusce nisi dui, aliquet bibendum felis at, lacinia faucibus neque\n* Donec massa est, viverra a cursus ut, semper quis quam. Vestibulum ante ipsum primis in faucibus orci luctus et ultrices posuere cubilia curae; Integer sodales maximus libero, vel imperdiet massa auctor ac\n* Nunc feugiat euismod egestas. Fusce massa metus, lobortis quis metus quis, mollis interdum lacus.\n\n* Nam porta velit eu nisi mollis volutpat. Sed condimentum faucibus sollicitudin.\n\n* Sed mauris massa, cursus sit amet urna et, aliquet lobortis magna.\n\n* Nunc faucibus dolor vel magna euismod, vel congue libero suscipit.\n\n## Aliquam malesuada, tellus eu condimentum ultricies\n\nCurabitur at est est. Sed sit amet nibh vel tortor blandit dignissim. Fusce fringilla velit ac magna lobortis porta vel in dui. Mauris eleifend urna vel nunc gravida, sit amet ultricies mi facilisis. Etiam in sagittis nisl:\n\n1. **Integer lobortis**, massa non interdum tempor, enim erat fringilla erat, a aliquet nulla urna eget erat. Quisque vitae sagittis ligula, quis pharetra libero.\n2. **Quisque eget rhoncus ligula**. Morbi lorem quam, dapibus consequat finibus id, accumsan at ligula.\n3. **Phasellus sodales nulla mi, convallis mattis nulla mollis at**. Pellentesque nisi velit, dapibus vel interdum vel, ullamcorper quis lectus.\n\n### Pellentesque ultrices, felis id consequat sagittis\n\n**_Vivamus condimentum varius egestas_**. Cras eleifend iaculis orci, nec venenatis sem fermentum eget. Sed felis ipsum, porta a enim quis, bibendum fermentum elit. Ut posuere felis sed pulvinar euismod. Donec non aliquet elit, vel sodales risus. Ut accumsan orci enim, nec posuere nisl tempus ac. Ut sapien sem, laoreet eu lorem sodales, sollicitudin ullamcorper orci. Etiam odio magna, vehicula mattis mollis sit amet, vulputate vel libero. Nulla eget quam id velit lobortis egestas. Mauris vitae magna a nibh pellentesque finibus. Fusce _gravida neque ac bibendum_ consequat. Integer dignissim sagittis lorem sit amet aliquam. Quisque massa lacus, ornare ac purus non, finibus congue turpis. Class aptent _taciti sociosqu ad litora_ torquent per conubia nostra, per inceptos himenaeos. Donec eu tellus in leo vulputate tempor. Ut leo risus, vestibulum et tempus id, accumsan nec orci.\n\nVivamus euismod dolor vitae tristique sodales. Nunc varius finibus velit eu aliquet. Donec a ipsum diam. In id rhoncus leo, vitae fermentum diam. Aliquam sodales pellentesque lectus, a tincidunt magna tincidunt nec. Interdum et malesuada fames ac ante ipsum primis in faucibus. **Phasellus ac libero vitae leo porta maximus eu varius lorem**. Sed molestie mi quis mi accumsan porta. Fusce vulputate non elit non efficitur. Fusce sed leo quis justo molestie laoreet. Donec dictum ultrices lacinia. Nam aliquam id nibh eget congue. Maecenas faucibus purus velit, ac porta ligula iaculis sed.\n\nUt vel arcu nunc. Mauris ac tempor nisi. Nam vel mollis nibh. In luctus semper est. Nam lacinia odio ut suscipit dictum. Aliquam accumsan lectus sit amet mi ultrices aliquet. Fusce eu dolor vitae arcu pretium viverra.\n\n## Nullam lectus leo, ultricies nec bibendum sed, ultrices dictum velit\n\nPraesent congue dapibus eros vitae eleifend. Suspendisse posuere lobortis tempus. In hac habitasse platea dictumst. Vestibulum a lorem bibendum, accumsan tortor id, feugiat velit. Maecenas tincidunt magna tellus, vitae tristique metus blandit auctor. Pellentesque ipsum odio, faucibus sit amet sodales nec, pharetra eget erat. In lacinia sapien quis metus eleifend, in aliquam lorem maximus.\n\nMauris vulputate orci enim, nec mollis velit placerat nec. Phasellus odio ex, maximus at felis a, egestas mattis nisi. Nullam tristique cursus tempus. Maecenas venenatis euismod nunc, vel cursus leo suscipit quis. Nullam fermentum molestie metus, ut egestas neque maximus vitae. **Vivamus tellus est, ullamcorper quis luctus id, mollis in tellus**. Aliquam tempus elit placerat dictum varius. Duis felis nulla, hendrerit nec ultrices eget, interdum varius tellus. Fusce tortor nibh, suscipit in vehicula non, vestibulum sit amet arcu. Etiam vestibulum elit vitae tellus egestas condimentum. Cras non aliquam augue. Vestibulum consequat ullamcorper eleifend. Curabitur lacinia consequat nisi, a bibendum arcu. Ut posuere massa vel ante luctus, fringilla maximus purus ultricies.\n\nNulla convallis, lorem nec volutpat rutrum, magna orci ornare urna, laoreet ultricies lacus mi sit amet est. Etiam accumsan lacus non mi mattis, non hendrerit dolor condimentum. Sed accumsan commodo mattis. Proin aliquam tristique lacus, quis porta nulla facilisis quis. Donec accumsan consectetur dui eu tristique. Vestibulum eros libero, cursus nec hendrerit sed, aliquam in ex. Proin lobortis massa non felis tincidunt laoreet.\n\n## Mauris ut euismod lacus\n\nVestibulum elementum tellus in massa bibendum tincidunt. Mauris sed fermentum ante. Nulla convallis in velit quis rhoncus. Aliquam in condimentum augue, sit amet aliquam orci. Ut faucibus commodo ante, sit amet sollicitudin eros placerat et. Nulla quis elementum sem. Nunc non dictum tortor, a aliquet nisi.\n\n### Integer sodales ultrices erat nec efficitur.\n\nNunc ultricies diam nec arcu porttitor congue. Pellentesque ipsum eros, vulputate eu egestas nec, accumsan ut erat. Praesent mi elit, pharetra nec massa et, gravida luctus felis.\n\nPraesent congue dapibus eros vitae eleifend. Suspendisse posuere lobortis tempus. In hac habitasse platea dictumst. Vestibulum a lorem bibendum, accumsan tortor id, feugiat velit. Maecenas tincidunt magna tellus, vitae tristique metus blandit auctor. Pellentesque ipsum odio, faucibus sit amet sodales nec, pharetra eget erat. In lacinia sapien quis metus eleifend, in aliquam lorem maximus.','https://res.cloudinary.com/dnkmzoohy/image/upload/v1668114618/ciudades/Brno_nbjuic.jpg','No','2022-11-12 00:00:00',8,4),(3,'Evita ir a Varsovia por estos motivos','**Lorem ipsum dolor sit amet**, consectetur adipiscing elit. Maecenas malesuada pretium congue. Nunc at consectetur ex. Sed imperdiet ex eu magna tristique laoreet. Vestibulum at tortor mi. Sed vestibulum, neque eu porttitor ullamcorper, purus justo congue purus, **nec sollicitudin dolor arcu molestie tortor**. Pellentesque erat quam, tempus sagittis elementum et, cursus ut mi. Sed neque felis, pharetra nec velit ut, aliquet vehicula metus. Ut et laoreet lorem. Donec pulvinar at elit at dictum.\n\n## Nulla velit lectus.\n\nNunc cursus, purus lacinia sagittis porta, dolor arcu molestie elit, vitae tristique urna mauris a arcu. Donec leo purus, molestie sit amet augue vel, rutrum mattis nisl. Aenean viverra molestie lectus, ac maximus mi aliquam porttitor.\n\n* Nulla commodo porttitor sapien, eget malesuada tellus mattis eu. Aenean et porta dolor\n* Fusce nisi dui, aliquet bibendum felis at, lacinia faucibus neque\n* Donec massa est, viverra a cursus ut, semper quis quam. Vestibulum ante ipsum primis in faucibus orci luctus et ultrices posuere cubilia curae; Integer sodales maximus libero, vel imperdiet massa auctor ac\n* Nunc feugiat euismod egestas. Fusce massa metus, lobortis quis metus quis, mollis interdum lacus.\n\n* Nam porta velit eu nisi mollis volutpat. Sed condimentum faucibus sollicitudin.\n\n* Sed mauris massa, cursus sit amet urna et, aliquet lobortis magna.\n\n* Nunc faucibus dolor vel magna euismod, vel congue libero suscipit.\n\n## Aliquam malesuada, tellus eu condimentum ultricies\n\nCurabitur at est est. Sed sit amet nibh vel tortor blandit dignissim. Fusce fringilla velit ac magna lobortis porta vel in dui. Mauris eleifend urna vel nunc gravida, sit amet ultricies mi facilisis. Etiam in sagittis nisl:\n\n1. **Integer lobortis**, massa non interdum tempor, enim erat fringilla erat, a aliquet nulla urna eget erat. Quisque vitae sagittis ligula, quis pharetra libero.\n2. **Quisque eget rhoncus ligula**. Morbi lorem quam, dapibus consequat finibus id, accumsan at ligula.\n3. **Phasellus sodales nulla mi, convallis mattis nulla mollis at**. Pellentesque nisi velit, dapibus vel interdum vel, ullamcorper quis lectus.\n\n### Pellentesque ultrices, felis id consequat sagittis\n\n**_Vivamus condimentum varius egestas_**. Cras eleifend iaculis orci, nec venenatis sem fermentum eget. Sed felis ipsum, porta a enim quis, bibendum fermentum elit. Ut posuere felis sed pulvinar euismod. Donec non aliquet elit, vel sodales risus. Ut accumsan orci enim, nec posuere nisl tempus ac. Ut sapien sem, laoreet eu lorem sodales, sollicitudin ullamcorper orci. Etiam odio magna, vehicula mattis mollis sit amet, vulputate vel libero. Nulla eget quam id velit lobortis egestas. Mauris vitae magna a nibh pellentesque finibus. Fusce _gravida neque ac bibendum_ consequat. Integer dignissim sagittis lorem sit amet aliquam. Quisque massa lacus, ornare ac purus non, finibus congue turpis. Class aptent _taciti sociosqu ad litora_ torquent per conubia nostra, per inceptos himenaeos. Donec eu tellus in leo vulputate tempor. Ut leo risus, vestibulum et tempus id, accumsan nec orci.\n\nVivamus euismod dolor vitae tristique sodales. Nunc varius finibus velit eu aliquet. Donec a ipsum diam. In id rhoncus leo, vitae fermentum diam. Aliquam sodales pellentesque lectus, a tincidunt magna tincidunt nec. Interdum et malesuada fames ac ante ipsum primis in faucibus. **Phasellus ac libero vitae leo porta maximus eu varius lorem**. Sed molestie mi quis mi accumsan porta. Fusce vulputate non elit non efficitur. Fusce sed leo quis justo molestie laoreet. Donec dictum ultrices lacinia. Nam aliquam id nibh eget congue. Maecenas faucibus purus velit, ac porta ligula iaculis sed.\n\nUt vel arcu nunc. Mauris ac tempor nisi. Nam vel mollis nibh. In luctus semper est. Nam lacinia odio ut suscipit dictum. Aliquam accumsan lectus sit amet mi ultrices aliquet. Fusce eu dolor vitae arcu pretium viverra.\n\n## Nullam lectus leo, ultricies nec bibendum sed, ultrices dictum velit\n\nPraesent congue dapibus eros vitae eleifend. Suspendisse posuere lobortis tempus. In hac habitasse platea dictumst. Vestibulum a lorem bibendum, accumsan tortor id, feugiat velit. Maecenas tincidunt magna tellus, vitae tristique metus blandit auctor. Pellentesque ipsum odio, faucibus sit amet sodales nec, pharetra eget erat. In lacinia sapien quis metus eleifend, in aliquam lorem maximus.\n\nMauris vulputate orci enim, nec mollis velit placerat nec. Phasellus odio ex, maximus at felis a, egestas mattis nisi. Nullam tristique cursus tempus. Maecenas venenatis euismod nunc, vel cursus leo suscipit quis. Nullam fermentum molestie metus, ut egestas neque maximus vitae. **Vivamus tellus est, ullamcorper quis luctus id, mollis in tellus**. Aliquam tempus elit placerat dictum varius. Duis felis nulla, hendrerit nec ultrices eget, interdum varius tellus. Fusce tortor nibh, suscipit in vehicula non, vestibulum sit amet arcu. Etiam vestibulum elit vitae tellus egestas condimentum. Cras non aliquam augue. Vestibulum consequat ullamcorper eleifend. Curabitur lacinia consequat nisi, a bibendum arcu. Ut posuere massa vel ante luctus, fringilla maximus purus ultricies.\n\nNulla convallis, lorem nec volutpat rutrum, magna orci ornare urna, laoreet ultricies lacus mi sit amet est. Etiam accumsan lacus non mi mattis, non hendrerit dolor condimentum. Sed accumsan commodo mattis. Proin aliquam tristique lacus, quis porta nulla facilisis quis. Donec accumsan consectetur dui eu tristique. Vestibulum eros libero, cursus nec hendrerit sed, aliquam in ex. Proin lobortis massa non felis tincidunt laoreet.\n\n## Mauris ut euismod lacus\n\nVestibulum elementum tellus in massa bibendum tincidunt. Mauris sed fermentum ante. Nulla convallis in velit quis rhoncus. Aliquam in condimentum augue, sit amet aliquam orci. Ut faucibus commodo ante, sit amet sollicitudin eros placerat et. Nulla quis elementum sem. Nunc non dictum tortor, a aliquet nisi.\n\n### Integer sodales ultrices erat nec efficitur.\n\nNunc ultricies diam nec arcu porttitor congue. Pellentesque ipsum eros, vulputate eu egestas nec, accumsan ut erat. Praesent mi elit, pharetra nec massa et, gravida luctus felis.\n\nPraesent congue dapibus eros vitae eleifend. Suspendisse posuere lobortis tempus. In hac habitasse platea dictumst. Vestibulum a lorem bibendum, accumsan tortor id, feugiat velit. Maecenas tincidunt magna tellus, vitae tristique metus blandit auctor. Pellentesque ipsum odio, faucibus sit amet sodales nec, pharetra eget erat. In lacinia sapien quis metus eleifend, in aliquam lorem maximus.','https://res.cloudinary.com/dnkmzoohy/image/upload/v1668105655/ciudades/Varsovia_h0kxym.jpg','Si','2023-03-18 13:27:31',1,1),(70,'Motivos para elegir la maravillosa ciudad de Lyon','**Lorem ipsum dolor sit amet**, consectetur adipiscing elit. Maecenas malesuada pretium congue. Nunc at consectetur ex. Sed imperdiet ex eu magna tristique laoreet. Vestibulum at tortor mi. Sed vestibulum, neque eu porttitor ullamcorper, purus justo congue purus, **nec sollicitudin dolor arcu molestie tortor**. Pellentesque erat quam, tempus sagittis elementum et, cursus ut mi. Sed neque felis, pharetra nec velit ut, aliquet vehicula metus. Ut et laoreet lorem. Donec pulvinar at elit at dictum.\r\n \r\n ## Nulla velit lectus.\r\n \r\n Nunc cursus, purus lacinia sagittis porta, dolor arcu molestie elit, vitae tristique urna mauris a arcu. Donec leo purus, molestie sit amet augue vel, rutrum mattis nisl. Aenean viverra molestie lectus, ac maximus mi aliquam porttitor.\r\n \r\n * Nulla commodo porttitor sapien, eget malesuada tellus mattis eu. Aenean et porta dolor\r\n * Fusce nisi dui, aliquet bibendum felis at, lacinia faucibus neque\r\n * Donec massa est, viverra a cursus ut, semper quis quam. Vestibulum ante ipsum primis in faucibus orci luctus et ultrices posuere cubilia curae; Integer sodales maximus libero, vel imperdiet massa auctor ac\r\n * Nunc feugiat euismod egestas. Fusce massa metus, lobortis quis metus quis, mollis interdum lacus.\r\n \r\n * Nam porta velit eu nisi mollis volutpat. Sed condimentum faucibus sollicitudin.\r\n \r\n * Sed mauris massa, cursus sit amet urna et, aliquet lobortis magna.\r\n \r\n * Nunc faucibus dolor vel magna euismod, vel congue libero suscipit.\r\n \r\n ## Aliquam malesuada, tellus eu condimentum ultricies\r\n \r\n Curabitur at est est. Sed sit amet nibh vel tortor blandit dignissim. Fusce fringilla velit ac magna lobortis porta vel in dui. Mauris eleifend urna vel nunc gravida, sit amet ultricies mi facilisis. Etiam in sagittis nisl:\r\n \r\n 1. **Integer lobortis**, massa non interdum tempor, enim erat fringilla erat, a aliquet nulla urna eget erat. Quisque vitae sagittis ligula, quis pharetra libero.\r\n 2. **Quisque eget rhoncus ligula**. Morbi lorem quam, dapibus consequat finibus id, accumsan at ligula.\r\n 3. **Phasellus sodales nulla mi, convallis mattis nulla mollis at**. Pellentesque nisi velit, dapibus vel interdum vel, ullamcorper quis lectus.\r\n \r\n ### Pellentesque ultrices, felis id consequat sagittis\r\n \r\n **_Vivamus condimentum varius egestas_**. Cras eleifend iaculis orci, nec venenatis sem fermentum eget. Sed felis ipsum, porta a enim quis, bibendum fermentum elit. Ut posuere felis sed pulvinar euismod. Donec non aliquet elit, vel sodales risus. Ut accumsan orci enim, nec posuere nisl tempus ac. Ut sapien sem, laoreet eu lorem sodales, sollicitudin ullamcorper orci. Etiam odio magna, vehicula mattis mollis sit amet, vulputate vel libero. Nulla eget quam id velit lobortis egestas. Mauris vitae magna a nibh pellentesque finibus. Fusce _gravida neque ac bibendum_ consequat. Integer dignissim sagittis lorem sit amet aliquam. Quisque massa lacus, ornare ac purus non, finibus congue turpis. Class aptent _taciti sociosqu ad litora_ torquent per conubia nostra, per inceptos himenaeos. Donec eu tellus in leo vulputate tempor. Ut leo risus, vestibulum et tempus id, accumsan nec orci.\r\n \r\n Vivamus euismod dolor vitae tristique sodales. Nunc varius finibus velit eu aliquet. Donec a ipsum diam. In id rhoncus leo, vitae fermentum diam. Aliquam sodales pellentesque lectus, a tincidunt magna tincidunt nec. Interdum et malesuada fames ac ante ipsum primis in faucibus. **Phasellus ac libero vitae leo porta maximus eu varius lorem**. Sed molestie mi quis mi accumsan porta. Fusce vulputate non elit non efficitur. Fusce sed leo quis justo molestie laoreet. Donec dictum ultrices lacinia. Nam aliquam id nibh eget congue. Maecenas faucibus purus velit, ac porta ligula iaculis sed.\r\n \r\n Ut vel arcu nunc. Mauris ac tempor nisi. Nam vel mollis nibh. In luctus semper est. Nam lacinia odio ut suscipit dictum. Aliquam accumsan lectus sit amet mi ultrices aliquet. Fusce eu dolor vitae arcu pretium viverra.\r\n \r\n ## Nullam lectus leo, ultricies nec bibendum sed, ultrices dictum velit\r\n \r\n Praesent congue dapibus eros vitae eleifend. Suspendisse posuere lobortis tempus. In hac habitasse platea dictumst. Vestibulum a lorem bibendum, accumsan tortor id, feugiat velit. Maecenas tincidunt magna tellus, vitae tristique metus blandit auctor. Pellentesque ipsum odio, faucibus sit amet sodales nec, pharetra eget erat. In lacinia sapien quis metus eleifend, in aliquam lorem maximus.\r\n \r\n Mauris vulputate orci enim, nec mollis velit placerat nec. Phasellus odio ex, maximus at felis a, egestas mattis nisi. Nullam tristique cursus tempus. Maecenas venenatis euismod nunc, vel cursus leo suscipit quis. Nullam fermentum molestie metus, ut egestas neque maximus vitae. **Vivamus tellus est, ullamcorper quis luctus id, mollis in tellus**. Aliquam tempus elit placerat dictum varius. Duis felis nulla, hendrerit nec ultrices eget, interdum varius tellus. Fusce tortor nibh, suscipit in vehicula non, vestibulum sit amet arcu. Etiam vestibulum elit vitae tellus egestas condimentum. Cras non aliquam augue. Vestibulum consequat ullamcorper eleifend. Curabitur lacinia consequat nisi, a bibendum arcu. Ut posuere massa vel ante luctus, fringilla maximus purus ultricies.\r\n \r\n Nulla convallis, lorem nec volutpat rutrum, magna orci ornare urna, laoreet ultricies lacus mi sit amet est. Etiam accumsan lacus non mi mattis, non hendrerit dolor condimentum. Sed accumsan commodo mattis. Proin aliquam tristique lacus, quis porta nulla facilisis quis. Donec accumsan consectetur dui eu tristique. Vestibulum eros libero, cursus nec hendrerit sed, aliquam in ex. Proin lobortis massa non felis tincidunt laoreet.\r\n \r\n ## Mauris ut euismod lacus\r\n \r\n Vestibulum elementum tellus in massa bibendum tincidunt. Mauris sed fermentum ante. Nulla convallis in velit quis rhoncus. Aliquam in condimentum augue, sit amet aliquam orci. Ut faucibus commodo ante, sit amet sollicitudin eros placerat et. Nulla quis elementum sem. Nunc non dictum tortor, a aliquet nisi.\r\n \r\n ### Integer sodales ultrices erat nec efficitur.\r\n \r\n Nunc ultricies diam nec arcu porttitor congue. Pellentesque ipsum eros, vulputate eu egestas nec, accumsan ut erat. Praesent mi elit, pharetra nec massa et, gravida luctus felis.\r\n \r\n Praesent congue dapibus eros vitae eleifend. Suspendisse posuere lobortis tempus. In hac habitasse platea dictumst. Vestibulum a lorem bibendum, accumsan tortor id, feugiat velit. Maecenas tincidunt magna tellus, vitae tristique metus blandit auctor. Pellentesque ipsum odio, faucibus sit amet sodales nec, pharetra eget erat. In lacinia sapien quis metus eleifend, in aliquam lorem maximus.','https://res.cloudinary.com/dnkmzoohy/image/upload/v1683060549/articulos/poylegfhzk6gfhloauva.jpg','No','2023-05-02 22:53:29',10,2),(72,'Trucos para vivir en París con bajo presupuesto','**Lorem ipsum dolor sit amet**, consectetur adipiscing elit. Maecenas malesuada pretium congue. Nunc at consectetur ex. Sed imperdiet ex eu magna tristique laoreet. Vestibulum at tortor mi. Sed vestibulum, neque eu porttitor ullamcorper, purus justo congue purus, **nec sollicitudin dolor arcu molestie tortor**. Pellentesque erat quam, tempus sagittis elementum et, cursus ut mi. Sed neque felis, pharetra nec velit ut, aliquet vehicula metus. Ut et laoreet lorem. Donec pulvinar at elit at dictum.\r\n \r\n ## Nulla velit lectus.\r\n \r\n Nunc cursus, purus lacinia sagittis porta, dolor arcu molestie elit, vitae tristique urna mauris a arcu. Donec leo purus, molestie sit amet augue vel, rutrum mattis nisl. Aenean viverra molestie lectus, ac maximus mi aliquam porttitor.\r\n \r\n * Nulla commodo porttitor sapien, eget malesuada tellus mattis eu. Aenean et porta dolor\r\n * Fusce nisi dui, aliquet bibendum felis at, lacinia faucibus neque\r\n * Donec massa est, viverra a cursus ut, semper quis quam. Vestibulum ante ipsum primis in faucibus orci luctus et ultrices posuere cubilia curae; Integer sodales maximus libero, vel imperdiet massa auctor ac\r\n * Nunc feugiat euismod egestas. Fusce massa metus, lobortis quis metus quis, mollis interdum lacus.\r\n \r\n * Nam porta velit eu nisi mollis volutpat. Sed condimentum faucibus sollicitudin.\r\n \r\n * Sed mauris massa, cursus sit amet urna et, aliquet lobortis magna.\r\n \r\n * Nunc faucibus dolor vel magna euismod, vel congue libero suscipit.\r\n \r\n ## Aliquam malesuada, tellus eu condimentum ultricies\r\n \r\n Curabitur at est est. Sed sit amet nibh vel tortor blandit dignissim. Fusce fringilla velit ac magna lobortis porta vel in dui. Mauris eleifend urna vel nunc gravida, sit amet ultricies mi facilisis. Etiam in sagittis nisl:\r\n \r\n 1. **Integer lobortis**, massa non interdum tempor, enim erat fringilla erat, a aliquet nulla urna eget erat. Quisque vitae sagittis ligula, quis pharetra libero.\r\n 2. **Quisque eget rhoncus ligula**. Morbi lorem quam, dapibus consequat finibus id, accumsan at ligula.\r\n 3. **Phasellus sodales nulla mi, convallis mattis nulla mollis at**. Pellentesque nisi velit, dapibus vel interdum vel, ullamcorper quis lectus.\r\n \r\n ### Pellentesque ultrices, felis id consequat sagittis\r\n \r\n **_Vivamus condimentum varius egestas_**. Cras eleifend iaculis orci, nec venenatis sem fermentum eget. Sed felis ipsum, porta a enim quis, bibendum fermentum elit. Ut posuere felis sed pulvinar euismod. Donec non aliquet elit, vel sodales risus. Ut accumsan orci enim, nec posuere nisl tempus ac. Ut sapien sem, laoreet eu lorem sodales, sollicitudin ullamcorper orci. Etiam odio magna, vehicula mattis mollis sit amet, vulputate vel libero. Nulla eget quam id velit lobortis egestas. Mauris vitae magna a nibh pellentesque finibus. Fusce _gravida neque ac bibendum_ consequat. Integer dignissim sagittis lorem sit amet aliquam. Quisque massa lacus, ornare ac purus non, finibus congue turpis. Class aptent _taciti sociosqu ad litora_ torquent per conubia nostra, per inceptos himenaeos. Donec eu tellus in leo vulputate tempor. Ut leo risus, vestibulum et tempus id, accumsan nec orci.\r\n \r\n Vivamus euismod dolor vitae tristique sodales. Nunc varius finibus velit eu aliquet. Donec a ipsum diam. In id rhoncus leo, vitae fermentum diam. Aliquam sodales pellentesque lectus, a tincidunt magna tincidunt nec. Interdum et malesuada fames ac ante ipsum primis in faucibus. **Phasellus ac libero vitae leo porta maximus eu varius lorem**. Sed molestie mi quis mi accumsan porta. Fusce vulputate non elit non efficitur. Fusce sed leo quis justo molestie laoreet. Donec dictum ultrices lacinia. Nam aliquam id nibh eget congue. Maecenas faucibus purus velit, ac porta ligula iaculis sed.\r\n \r\n Ut vel arcu nunc. Mauris ac tempor nisi. Nam vel mollis nibh. In luctus semper est. Nam lacinia odio ut suscipit dictum. Aliquam accumsan lectus sit amet mi ultrices aliquet. Fusce eu dolor vitae arcu pretium viverra.\r\n \r\n ## Nullam lectus leo, ultricies nec bibendum sed, ultrices dictum velit\r\n \r\n Praesent congue dapibus eros vitae eleifend. Suspendisse posuere lobortis tempus. In hac habitasse platea dictumst. Vestibulum a lorem bibendum, accumsan tortor id, feugiat velit. Maecenas tincidunt magna tellus, vitae tristique metus blandit auctor. Pellentesque ipsum odio, faucibus sit amet sodales nec, pharetra eget erat. In lacinia sapien quis metus eleifend, in aliquam lorem maximus.\r\n \r\n Mauris vulputate orci enim, nec mollis velit placerat nec. Phasellus odio ex, maximus at felis a, egestas mattis nisi. Nullam tristique cursus tempus. Maecenas venenatis euismod nunc, vel cursus leo suscipit quis. Nullam fermentum molestie metus, ut egestas neque maximus vitae. **Vivamus tellus est, ullamcorper quis luctus id, mollis in tellus**. Aliquam tempus elit placerat dictum varius. Duis felis nulla, hendrerit nec ultrices eget, interdum varius tellus. Fusce tortor nibh, suscipit in vehicula non, vestibulum sit amet arcu. Etiam vestibulum elit vitae tellus egestas condimentum. Cras non aliquam augue. Vestibulum consequat ullamcorper eleifend. Curabitur lacinia consequat nisi, a bibendum arcu. Ut posuere massa vel ante luctus, fringilla maximus purus ultricies.\r\n \r\n Nulla convallis, lorem nec volutpat rutrum, magna orci ornare urna, laoreet ultricies lacus mi sit amet est. Etiam accumsan lacus non mi mattis, non hendrerit dolor condimentum. Sed accumsan commodo mattis. Proin aliquam tristique lacus, quis porta nulla facilisis quis. Donec accumsan consectetur dui eu tristique. Vestibulum eros libero, cursus nec hendrerit sed, aliquam in ex. Proin lobortis massa non felis tincidunt laoreet.\r\n \r\n ## Mauris ut euismod lacus\r\n \r\n Vestibulum elementum tellus in massa bibendum tincidunt. Mauris sed fermentum ante. Nulla convallis in velit quis rhoncus. Aliquam in condimentum augue, sit amet aliquam orci. Ut faucibus commodo ante, sit amet sollicitudin eros placerat et. Nulla quis elementum sem. Nunc non dictum tortor, a aliquet nisi.\r\n \r\n ### Integer sodales ultrices erat nec efficitur.\r\n \r\n Nunc ultricies diam nec arcu porttitor congue. Pellentesque ipsum eros, vulputate eu egestas nec, accumsan ut erat. Praesent mi elit, pharetra nec massa et, gravida luctus felis.\r\n \r\n Praesent congue dapibus eros vitae eleifend. Suspendisse posuere lobortis tempus. In hac habitasse platea dictumst. Vestibulum a lorem bibendum, accumsan tortor id, feugiat velit. Maecenas tincidunt magna tellus, vitae tristique metus blandit auctor. Pellentesque ipsum odio, faucibus sit amet sodales nec, pharetra eget erat. In lacinia sapien quis metus eleifend, in aliquam lorem maximus.','https://res.cloudinary.com/dnkmzoohy/image/upload/v1683060681/articulos/ucwp83qz768cqc3aiekn.jpg','Si','2023-05-02 22:51:23',7,19);
/*!40000 ALTER TABLE `articulo` ENABLE KEYS */;
UNLOCK TABLES;

--
-- Table structure for table `asignatura`
--

DROP TABLE IF EXISTS `asignatura`;
/*!40101 SET @saved_cs_client     = @@character_set_client */;
/*!50503 SET character_set_client = utf8mb4 */;
CREATE TABLE `asignatura` (
  `idAsignatura` int NOT NULL AUTO_INCREMENT,
  `nombre` varchar(100) NOT NULL,
  `puntuacion` double DEFAULT '0',
  `facultad_idFacultad` int NOT NULL,
  PRIMARY KEY (`idAsignatura`),
  KEY `fk_Asignatura_Facultad1_idx` (`facultad_idFacultad`),
  CONSTRAINT `fk_Asignatura_Facultad1` FOREIGN KEY (`facultad_idFacultad`) REFERENCES `facultad` (`idfacultad`) ON DELETE CASCADE
) ENGINE=InnoDB AUTO_INCREMENT=26 DEFAULT CHARSET=utf8mb4 COLLATE=utf8mb4_0900_ai_ci;
/*!40101 SET character_set_client = @saved_cs_client */;

--
-- Dumping data for table `asignatura`
--

LOCK TABLES `asignatura` WRITE;
/*!40000 ALTER TABLE `asignatura` DISABLE KEYS */;
INSERT INTO `asignatura` VALUES (1,'Algorithms',5.3,4),(2,'Formal Languages and Compilers',4,4),(3,'Web Design',0,4),(4,'Computational Geometry',0,4),(5,'Visualization and CAD',0,4),(6,'Modern Trends in Informatics',0,4),(7,'Compiler Construction',0,4),(8,'Mathematics I',0,7),(9,'Mathematics II',0,7),(10,'Mathematics III',0,7),(11,'Mathematics IV',0,7),(13,'Robotics',0,4),(14,'Bayesian Models for Machine Learning',0,4),(15,'Graphical User Interfaces in Java',0,4),(16,'Graph Algorithms',0,4),(17,'Computer Vision',0,4),(18,'Data Communications, Computer Networks and Protocols',0,4),(19,'Advanced Database Systems',0,4),(20,'Complexity',0,4),(21,'CCNA Cybersecurity Operations',0,4),(22,'Digital Forensics',0,4),(23,'Real-Time Systems',0,4);
/*!40000 ALTER TABLE `asignatura` ENABLE KEYS */;
UNLOCK TABLES;

--
-- Table structure for table `ciudad`
--

DROP TABLE IF EXISTS `ciudad`;
/*!40101 SET @saved_cs_client     = @@character_set_client */;
/*!50503 SET character_set_client = utf8mb4 */;
CREATE TABLE `ciudad` (
  `idCiudad` int NOT NULL AUTO_INCREMENT,
  `nombre` varchar(100) NOT NULL,
  `informacion` longtext NOT NULL,
  `urlCabecera` varchar(255) NOT NULL,
  `pais_idPais` int NOT NULL,
  PRIMARY KEY (`idCiudad`),
  UNIQUE KEY `nombre_UNIQUE` (`nombre`),
  KEY `fk_ciudad_pais1_idx` (`pais_idPais`),
  CONSTRAINT `fk_ciudad_pais1` FOREIGN KEY (`pais_idPais`) REFERENCES `pais` (`idPais`) ON DELETE CASCADE ON UPDATE RESTRICT
) ENGINE=InnoDB AUTO_INCREMENT=24 DEFAULT CHARSET=utf8mb4 COLLATE=utf8mb4_0900_ai_ci;
/*!40101 SET character_set_client = @saved_cs_client */;

--
-- Dumping data for table `ciudad`
--

LOCK TABLES `ciudad` WRITE;
/*!40000 ALTER TABLE `ciudad` DISABLE KEYS */;
INSERT INTO `ciudad` VALUES (1,'Varsovia','# Lorem Ipsum\n**Lorem ipsum dolor sit amet**, consectetur adipiscing elit. Maecenas malesuada pretium congue. Nunc at consectetur ex. Sed imperdiet ex eu magna tristique laoreet. Vestibulum at tortor mi. Sed vestibulum, neque eu porttitor ullamcorper, purus justo congue purus, **nec sollicitudin dolor arcu molestie tortor**. Pellentesque erat quam, tempus sagittis elementum et, cursus ut mi. Sed neque felis, pharetra nec velit ut, aliquet vehicula metus. Ut et laoreet lorem. Donec pulvinar at elit at dictum.\n\n## Nulla velit lectus.\n\nNunc cursus, purus lacinia sagittis porta, dolor arcu molestie elit, vitae tristique urna mauris a arcu. Donec leo purus, molestie sit amet augue vel, rutrum mattis nisl. Aenean viverra molestie lectus, ac maximus mi aliquam porttitor.\n\n* Nulla commodo porttitor sapien, eget malesuada tellus mattis eu. Aenean et porta dolor\n* Fusce nisi dui, aliquet bibendum felis at, lacinia faucibus neque\n* Donec massa est, viverra a cursus ut, semper quis quam. Vestibulum ante ipsum primis in faucibus orci luctus et ultrices posuere cubilia curae; Integer sodales maximus libero, vel imperdiet massa auctor ac\n* Nunc feugiat euismod egestas. Fusce massa metus, lobortis quis metus quis, mollis interdum lacus.\n\n* Nam porta velit eu nisi mollis volutpat. Sed condimentum faucibus sollicitudin.\n\n* Sed mauris massa, cursus sit amet urna et, aliquet lobortis magna.\n\n* Nunc faucibus dolor vel magna euismod, vel congue libero suscipit.\n\n## Aliquam malesuada, tellus eu condimentum ultricies\n\nCurabitur at est est. Sed sit amet nibh vel tortor blandit dignissim. Fusce fringilla velit ac magna lobortis porta vel in dui. Mauris eleifend urna vel nunc gravida, sit amet ultricies mi facilisis. Etiam in sagittis nisl:\n\n1. **Integer lobortis**, massa non interdum tempor, enim erat fringilla erat, a aliquet nulla urna eget erat. Quisque vitae sagittis ligula, quis pharetra libero.\n2. **Quisque eget rhoncus ligula**. Morbi lorem quam, dapibus consequat finibus id, accumsan at ligula.\n3. **Phasellus sodales nulla mi, convallis mattis nulla mollis at**. Pellentesque nisi velit, dapibus vel interdum vel, ullamcorper quis lectus.\n\n### Pellentesque ultrices, felis id consequat sagittis\n\n**_Vivamus condimentum varius egestas_**. Cras eleifend iaculis orci, nec venenatis sem fermentum eget. Sed felis ipsum, porta a enim quis, bibendum fermentum elit. Ut posuere felis sed pulvinar euismod. Donec non aliquet elit, vel sodales risus. Ut accumsan orci enim, nec posuere nisl tempus ac. Ut sapien sem, laoreet eu lorem sodales, sollicitudin ullamcorper orci. Etiam odio magna, vehicula mattis mollis sit amet, vulputate vel libero. Nulla eget quam id velit lobortis egestas. Mauris vitae magna a nibh pellentesque finibus. Fusce _gravida neque ac bibendum_ consequat. Integer dignissim sagittis lorem sit amet aliquam. Quisque massa lacus, ornare ac purus non, finibus congue turpis. Class aptent _taciti sociosqu ad litora_ torquent per conubia nostra, per inceptos himenaeos. Donec eu tellus in leo vulputate tempor. Ut leo risus, vestibulum et tempus id, accumsan nec orci.\n\nVivamus euismod dolor vitae tristique sodales. Nunc varius finibus velit eu aliquet. Donec a ipsum diam. In id rhoncus leo, vitae fermentum diam. Aliquam sodales pellentesque lectus, a tincidunt magna tincidunt nec. Interdum et malesuada fames ac ante ipsum primis in faucibus. **Phasellus ac libero vitae leo porta maximus eu varius lorem**. Sed molestie mi quis mi accumsan porta. Fusce vulputate non elit non efficitur. Fusce sed leo quis justo molestie laoreet. Donec dictum ultrices lacinia. Nam aliquam id nibh eget congue. Maecenas faucibus purus velit, ac porta ligula iaculis sed.\n\nUt vel arcu nunc. Mauris ac tempor nisi. Nam vel mollis nibh. In luctus semper est. Nam lacinia odio ut suscipit dictum. Aliquam accumsan lectus sit amet mi ultrices aliquet. Fusce eu dolor vitae arcu pretium viverra.\n\n## Nullam lectus leo, ultricies nec bibendum sed, ultrices dictum velit\n\nPraesent congue dapibus eros vitae eleifend. Suspendisse posuere lobortis tempus. In hac habitasse platea dictumst. Vestibulum a lorem bibendum, accumsan tortor id, feugiat velit. Maecenas tincidunt magna tellus, vitae tristique metus blandit auctor. Pellentesque ipsum odio, faucibus sit amet sodales nec, pharetra eget erat. In lacinia sapien quis metus eleifend, in aliquam lorem maximus.\n\nMauris vulputate orci enim, nec mollis velit placerat nec. Phasellus odio ex, maximus at felis a, egestas mattis nisi. Nullam tristique cursus tempus. Maecenas venenatis euismod nunc, vel cursus leo suscipit quis. Nullam fermentum molestie metus, ut egestas neque maximus vitae. **Vivamus tellus est, ullamcorper quis luctus id, mollis in tellus**. Aliquam tempus elit placerat dictum varius. Duis felis nulla, hendrerit nec ultrices eget, interdum varius tellus. Fusce tortor nibh, suscipit in vehicula non, vestibulum sit amet arcu. Etiam vestibulum elit vitae tellus egestas condimentum. Cras non aliquam augue. Vestibulum consequat ullamcorper eleifend. Curabitur lacinia consequat nisi, a bibendum arcu. Ut posuere massa vel ante luctus, fringilla maximus purus ultricies.\n\nNulla convallis, lorem nec volutpat rutrum, magna orci ornare urna, laoreet ultricies lacus mi sit amet est. Etiam accumsan lacus non mi mattis, non hendrerit dolor condimentum. Sed accumsan commodo mattis. Proin aliquam tristique lacus, quis porta nulla facilisis quis. Donec accumsan consectetur dui eu tristique. Vestibulum eros libero, cursus nec hendrerit sed, aliquam in ex. Proin lobortis massa non felis tincidunt laoreet.\n\n## Mauris ut euismod lacus\n\nVestibulum elementum tellus in massa bibendum tincidunt. Mauris sed fermentum ante. Nulla convallis in velit quis rhoncus. Aliquam in condimentum augue, sit amet aliquam orci. Ut faucibus commodo ante, sit amet sollicitudin eros placerat et. Nulla quis elementum sem. Nunc non dictum tortor, a aliquet nisi.\n\n### Integer sodales ultrices erat nec efficitur.\n\nNunc ultricies diam nec arcu porttitor congue. Pellentesque ipsum eros, vulputate eu egestas nec, accumsan ut erat. Praesent mi elit, pharetra nec massa et, gravida luctus felis.\n\n| Ut pretium lectus arcu  | quis fringilla magna blandit vitae |\n| ------------- |:-------------:|\n| Phasellus elementum     | lacus quis varius volutpat     |\n| Cras semper     | ullamcorper pharetra     |\n| Integer sapien sem     | dignissim a ultrices nec     |\n\nPraesent congue dapibus eros vitae eleifend. Suspendisse posuere lobortis tempus. In hac habitasse platea dictumst. Vestibulum a lorem bibendum, accumsan tortor id, feugiat velit. Maecenas tincidunt magna tellus, vitae tristique metus blandit auctor. Pellentesque ipsum odio, faucibus sit amet sodales nec, pharetra eget erat. In lacinia sapien quis metus eleifend, in aliquam lorem maximus.','https://res.cloudinary.com/dnkmzoohy/image/upload/v1668105655/ciudades/Varsovia_h0kxym.jpg',1),(2,'Bolonia','# Lorem Ipsum\n**Lorem ipsum dolor sit amet**, consectetur adipiscing elit. Maecenas malesuada pretium congue. Nunc at consectetur ex. Sed imperdiet ex eu magna tristique laoreet. Vestibulum at tortor mi. Sed vestibulum, neque eu porttitor ullamcorper, purus justo congue purus, **nec sollicitudin dolor arcu molestie tortor**. Pellentesque erat quam, tempus sagittis elementum et, cursus ut mi. Sed neque felis, pharetra nec velit ut, aliquet vehicula metus. Ut et laoreet lorem. Donec pulvinar at elit at dictum.\n\n## Nulla velit lectus.\n\nNunc cursus, purus lacinia sagittis porta, dolor arcu molestie elit, vitae tristique urna mauris a arcu. Donec leo purus, molestie sit amet augue vel, rutrum mattis nisl. Aenean viverra molestie lectus, ac maximus mi aliquam porttitor.\n\n* Nulla commodo porttitor sapien, eget malesuada tellus mattis eu. Aenean et porta dolor\n* Fusce nisi dui, aliquet bibendum felis at, lacinia faucibus neque\n* Donec massa est, viverra a cursus ut, semper quis quam. Vestibulum ante ipsum primis in faucibus orci luctus et ultrices posuere cubilia curae; Integer sodales maximus libero, vel imperdiet massa auctor ac\n* Nunc feugiat euismod egestas. Fusce massa metus, lobortis quis metus quis, mollis interdum lacus.\n\n* Nam porta velit eu nisi mollis volutpat. Sed condimentum faucibus sollicitudin.\n\n* Sed mauris massa, cursus sit amet urna et, aliquet lobortis magna.\n\n* Nunc faucibus dolor vel magna euismod, vel congue libero suscipit.\n\n## Aliquam malesuada, tellus eu condimentum ultricies\n\nCurabitur at est est. Sed sit amet nibh vel tortor blandit dignissim. Fusce fringilla velit ac magna lobortis porta vel in dui. Mauris eleifend urna vel nunc gravida, sit amet ultricies mi facilisis. Etiam in sagittis nisl:\n\n1. **Integer lobortis**, massa non interdum tempor, enim erat fringilla erat, a aliquet nulla urna eget erat. Quisque vitae sagittis ligula, quis pharetra libero.\n2. **Quisque eget rhoncus ligula**. Morbi lorem quam, dapibus consequat finibus id, accumsan at ligula.\n3. **Phasellus sodales nulla mi, convallis mattis nulla mollis at**. Pellentesque nisi velit, dapibus vel interdum vel, ullamcorper quis lectus.\n\n### Pellentesque ultrices, felis id consequat sagittis\n\n**_Vivamus condimentum varius egestas_**. Cras eleifend iaculis orci, nec venenatis sem fermentum eget. Sed felis ipsum, porta a enim quis, bibendum fermentum elit. Ut posuere felis sed pulvinar euismod. Donec non aliquet elit, vel sodales risus. Ut accumsan orci enim, nec posuere nisl tempus ac. Ut sapien sem, laoreet eu lorem sodales, sollicitudin ullamcorper orci. Etiam odio magna, vehicula mattis mollis sit amet, vulputate vel libero. Nulla eget quam id velit lobortis egestas. Mauris vitae magna a nibh pellentesque finibus. Fusce _gravida neque ac bibendum_ consequat. Integer dignissim sagittis lorem sit amet aliquam. Quisque massa lacus, ornare ac purus non, finibus congue turpis. Class aptent _taciti sociosqu ad litora_ torquent per conubia nostra, per inceptos himenaeos. Donec eu tellus in leo vulputate tempor. Ut leo risus, vestibulum et tempus id, accumsan nec orci.\n\nVivamus euismod dolor vitae tristique sodales. Nunc varius finibus velit eu aliquet. Donec a ipsum diam. In id rhoncus leo, vitae fermentum diam. Aliquam sodales pellentesque lectus, a tincidunt magna tincidunt nec. Interdum et malesuada fames ac ante ipsum primis in faucibus. **Phasellus ac libero vitae leo porta maximus eu varius lorem**. Sed molestie mi quis mi accumsan porta. Fusce vulputate non elit non efficitur. Fusce sed leo quis justo molestie laoreet. Donec dictum ultrices lacinia. Nam aliquam id nibh eget congue. Maecenas faucibus purus velit, ac porta ligula iaculis sed.\n\nUt vel arcu nunc. Mauris ac tempor nisi. Nam vel mollis nibh. In luctus semper est. Nam lacinia odio ut suscipit dictum. Aliquam accumsan lectus sit amet mi ultrices aliquet. Fusce eu dolor vitae arcu pretium viverra.\n\n## Nullam lectus leo, ultricies nec bibendum sed, ultrices dictum velit\n\nPraesent congue dapibus eros vitae eleifend. Suspendisse posuere lobortis tempus. In hac habitasse platea dictumst. Vestibulum a lorem bibendum, accumsan tortor id, feugiat velit. Maecenas tincidunt magna tellus, vitae tristique metus blandit auctor. Pellentesque ipsum odio, faucibus sit amet sodales nec, pharetra eget erat. In lacinia sapien quis metus eleifend, in aliquam lorem maximus.\n\nMauris vulputate orci enim, nec mollis velit placerat nec. Phasellus odio ex, maximus at felis a, egestas mattis nisi. Nullam tristique cursus tempus. Maecenas venenatis euismod nunc, vel cursus leo suscipit quis. Nullam fermentum molestie metus, ut egestas neque maximus vitae. **Vivamus tellus est, ullamcorper quis luctus id, mollis in tellus**. Aliquam tempus elit placerat dictum varius. Duis felis nulla, hendrerit nec ultrices eget, interdum varius tellus. Fusce tortor nibh, suscipit in vehicula non, vestibulum sit amet arcu. Etiam vestibulum elit vitae tellus egestas condimentum. Cras non aliquam augue. Vestibulum consequat ullamcorper eleifend. Curabitur lacinia consequat nisi, a bibendum arcu. Ut posuere massa vel ante luctus, fringilla maximus purus ultricies.\n\nNulla convallis, lorem nec volutpat rutrum, magna orci ornare urna, laoreet ultricies lacus mi sit amet est. Etiam accumsan lacus non mi mattis, non hendrerit dolor condimentum. Sed accumsan commodo mattis. Proin aliquam tristique lacus, quis porta nulla facilisis quis. Donec accumsan consectetur dui eu tristique. Vestibulum eros libero, cursus nec hendrerit sed, aliquam in ex. Proin lobortis massa non felis tincidunt laoreet.\n\n## Mauris ut euismod lacus\n\nVestibulum elementum tellus in massa bibendum tincidunt. Mauris sed fermentum ante. Nulla convallis in velit quis rhoncus. Aliquam in condimentum augue, sit amet aliquam orci. Ut faucibus commodo ante, sit amet sollicitudin eros placerat et. Nulla quis elementum sem. Nunc non dictum tortor, a aliquet nisi.\n\n### Integer sodales ultrices erat nec efficitur.\n\nNunc ultricies diam nec arcu porttitor congue. Pellentesque ipsum eros, vulputate eu egestas nec, accumsan ut erat. Praesent mi elit, pharetra nec massa et, gravida luctus felis.\n\n| Ut pretium lectus arcu  | quis fringilla magna blandit vitae |\n| ------------- |:-------------:|\n| Phasellus elementum     | lacus quis varius volutpat     |\n| Cras semper     | ullamcorper pharetra     |\n| Integer sapien sem     | dignissim a ultrices nec     |\n\nPraesent congue dapibus eros vitae eleifend. Suspendisse posuere lobortis tempus. In hac habitasse platea dictumst. Vestibulum a lorem bibendum, accumsan tortor id, feugiat velit. Maecenas tincidunt magna tellus, vitae tristique metus blandit auctor. Pellentesque ipsum odio, faucibus sit amet sodales nec, pharetra eget erat. In lacinia sapien quis metus eleifend, in aliquam lorem maximus.','https://res.cloudinary.com/dnkmzoohy/image/upload/v1668114119/ciudades/Bolonia_q4hxmx.jpg',5),(5,'Cracovia','# Lorem Ipsum\n**Lorem ipsum dolor sit amet**, consectetur adipiscing elit. Maecenas malesuada pretium congue. Nunc at consectetur ex. Sed imperdiet ex eu magna tristique laoreet. Vestibulum at tortor mi. Sed vestibulum, neque eu porttitor ullamcorper, purus justo congue purus, **nec sollicitudin dolor arcu molestie tortor**. Pellentesque erat quam, tempus sagittis elementum et, cursus ut mi. Sed neque felis, pharetra nec velit ut, aliquet vehicula metus. Ut et laoreet lorem. Donec pulvinar at elit at dictum.\n\n## Nulla velit lectus.\n\nNunc cursus, purus lacinia sagittis porta, dolor arcu molestie elit, vitae tristique urna mauris a arcu. Donec leo purus, molestie sit amet augue vel, rutrum mattis nisl. Aenean viverra molestie lectus, ac maximus mi aliquam porttitor.\n\n* Nulla commodo porttitor sapien, eget malesuada tellus mattis eu. Aenean et porta dolor\n* Fusce nisi dui, aliquet bibendum felis at, lacinia faucibus neque\n* Donec massa est, viverra a cursus ut, semper quis quam. Vestibulum ante ipsum primis in faucibus orci luctus et ultrices posuere cubilia curae; Integer sodales maximus libero, vel imperdiet massa auctor ac\n* Nunc feugiat euismod egestas. Fusce massa metus, lobortis quis metus quis, mollis interdum lacus.\n\n* Nam porta velit eu nisi mollis volutpat. Sed condimentum faucibus sollicitudin.\n\n* Sed mauris massa, cursus sit amet urna et, aliquet lobortis magna.\n\n* Nunc faucibus dolor vel magna euismod, vel congue libero suscipit.\n\n## Aliquam malesuada, tellus eu condimentum ultricies\n\nCurabitur at est est. Sed sit amet nibh vel tortor blandit dignissim. Fusce fringilla velit ac magna lobortis porta vel in dui. Mauris eleifend urna vel nunc gravida, sit amet ultricies mi facilisis. Etiam in sagittis nisl:\n\n1. **Integer lobortis**, massa non interdum tempor, enim erat fringilla erat, a aliquet nulla urna eget erat. Quisque vitae sagittis ligula, quis pharetra libero.\n2. **Quisque eget rhoncus ligula**. Morbi lorem quam, dapibus consequat finibus id, accumsan at ligula.\n3. **Phasellus sodales nulla mi, convallis mattis nulla mollis at**. Pellentesque nisi velit, dapibus vel interdum vel, ullamcorper quis lectus.\n\n### Pellentesque ultrices, felis id consequat sagittis\n\n**_Vivamus condimentum varius egestas_**. Cras eleifend iaculis orci, nec venenatis sem fermentum eget. Sed felis ipsum, porta a enim quis, bibendum fermentum elit. Ut posuere felis sed pulvinar euismod. Donec non aliquet elit, vel sodales risus. Ut accumsan orci enim, nec posuere nisl tempus ac. Ut sapien sem, laoreet eu lorem sodales, sollicitudin ullamcorper orci. Etiam odio magna, vehicula mattis mollis sit amet, vulputate vel libero. Nulla eget quam id velit lobortis egestas. Mauris vitae magna a nibh pellentesque finibus. Fusce _gravida neque ac bibendum_ consequat. Integer dignissim sagittis lorem sit amet aliquam. Quisque massa lacus, ornare ac purus non, finibus congue turpis. Class aptent _taciti sociosqu ad litora_ torquent per conubia nostra, per inceptos himenaeos. Donec eu tellus in leo vulputate tempor. Ut leo risus, vestibulum et tempus id, accumsan nec orci.\n\nVivamus euismod dolor vitae tristique sodales. Nunc varius finibus velit eu aliquet. Donec a ipsum diam. In id rhoncus leo, vitae fermentum diam. Aliquam sodales pellentesque lectus, a tincidunt magna tincidunt nec. Interdum et malesuada fames ac ante ipsum primis in faucibus. **Phasellus ac libero vitae leo porta maximus eu varius lorem**. Sed molestie mi quis mi accumsan porta. Fusce vulputate non elit non efficitur. Fusce sed leo quis justo molestie laoreet. Donec dictum ultrices lacinia. Nam aliquam id nibh eget congue. Maecenas faucibus purus velit, ac porta ligula iaculis sed.\n\nUt vel arcu nunc. Mauris ac tempor nisi. Nam vel mollis nibh. In luctus semper est. Nam lacinia odio ut suscipit dictum. Aliquam accumsan lectus sit amet mi ultrices aliquet. Fusce eu dolor vitae arcu pretium viverra.\n\n## Nullam lectus leo, ultricies nec bibendum sed, ultrices dictum velit\n\nPraesent congue dapibus eros vitae eleifend. Suspendisse posuere lobortis tempus. In hac habitasse platea dictumst. Vestibulum a lorem bibendum, accumsan tortor id, feugiat velit. Maecenas tincidunt magna tellus, vitae tristique metus blandit auctor. Pellentesque ipsum odio, faucibus sit amet sodales nec, pharetra eget erat. In lacinia sapien quis metus eleifend, in aliquam lorem maximus.\n\nMauris vulputate orci enim, nec mollis velit placerat nec. Phasellus odio ex, maximus at felis a, egestas mattis nisi. Nullam tristique cursus tempus. Maecenas venenatis euismod nunc, vel cursus leo suscipit quis. Nullam fermentum molestie metus, ut egestas neque maximus vitae. **Vivamus tellus est, ullamcorper quis luctus id, mollis in tellus**. Aliquam tempus elit placerat dictum varius. Duis felis nulla, hendrerit nec ultrices eget, interdum varius tellus. Fusce tortor nibh, suscipit in vehicula non, vestibulum sit amet arcu. Etiam vestibulum elit vitae tellus egestas condimentum. Cras non aliquam augue. Vestibulum consequat ullamcorper eleifend. Curabitur lacinia consequat nisi, a bibendum arcu. Ut posuere massa vel ante luctus, fringilla maximus purus ultricies.\n\nNulla convallis, lorem nec volutpat rutrum, magna orci ornare urna, laoreet ultricies lacus mi sit amet est. Etiam accumsan lacus non mi mattis, non hendrerit dolor condimentum. Sed accumsan commodo mattis. Proin aliquam tristique lacus, quis porta nulla facilisis quis. Donec accumsan consectetur dui eu tristique. Vestibulum eros libero, cursus nec hendrerit sed, aliquam in ex. Proin lobortis massa non felis tincidunt laoreet.\n\n## Mauris ut euismod lacus\n\nVestibulum elementum tellus in massa bibendum tincidunt. Mauris sed fermentum ante. Nulla convallis in velit quis rhoncus. Aliquam in condimentum augue, sit amet aliquam orci. Ut faucibus commodo ante, sit amet sollicitudin eros placerat et. Nulla quis elementum sem. Nunc non dictum tortor, a aliquet nisi.\n\n### Integer sodales ultrices erat nec efficitur.\n\nNunc ultricies diam nec arcu porttitor congue. Pellentesque ipsum eros, vulputate eu egestas nec, accumsan ut erat. Praesent mi elit, pharetra nec massa et, gravida luctus felis.\n\n| Ut pretium lectus arcu  | quis fringilla magna blandit vitae |\n| ------------- |:-------------:|\n| Phasellus elementum     | lacus quis varius volutpat     |\n| Cras semper     | ullamcorper pharetra     |\n| Integer sapien sem     | dignissim a ultrices nec     |\n\nPraesent congue dapibus eros vitae eleifend. Suspendisse posuere lobortis tempus. In hac habitasse platea dictumst. Vestibulum a lorem bibendum, accumsan tortor id, feugiat velit. Maecenas tincidunt magna tellus, vitae tristique metus blandit auctor. Pellentesque ipsum odio, faucibus sit amet sodales nec, pharetra eget erat. In lacinia sapien quis metus eleifend, in aliquam lorem maximus.','https://res.cloudinary.com/dnkmzoohy/image/upload/v1668114618/ciudades/Cracovia_p4uyzq.jpg',1),(6,'Roma','# Lorem Ipsum\n**Lorem ipsum dolor sit amet**, consectetur adipiscing elit. Maecenas malesuada pretium congue. Nunc at consectetur ex. Sed imperdiet ex eu magna tristique laoreet. Vestibulum at tortor mi. Sed vestibulum, neque eu porttitor ullamcorper, purus justo congue purus, **nec sollicitudin dolor arcu molestie tortor**. Pellentesque erat quam, tempus sagittis elementum et, cursus ut mi. Sed neque felis, pharetra nec velit ut, aliquet vehicula metus. Ut et laoreet lorem. Donec pulvinar at elit at dictum.\n\n## Nulla velit lectus.\n\nNunc cursus, purus lacinia sagittis porta, dolor arcu molestie elit, vitae tristique urna mauris a arcu. Donec leo purus, molestie sit amet augue vel, rutrum mattis nisl. Aenean viverra molestie lectus, ac maximus mi aliquam porttitor.\n\n* Nulla commodo porttitor sapien, eget malesuada tellus mattis eu. Aenean et porta dolor\n* Fusce nisi dui, aliquet bibendum felis at, lacinia faucibus neque\n* Donec massa est, viverra a cursus ut, semper quis quam. Vestibulum ante ipsum primis in faucibus orci luctus et ultrices posuere cubilia curae; Integer sodales maximus libero, vel imperdiet massa auctor ac\n* Nunc feugiat euismod egestas. Fusce massa metus, lobortis quis metus quis, mollis interdum lacus.\n\n* Nam porta velit eu nisi mollis volutpat. Sed condimentum faucibus sollicitudin.\n\n* Sed mauris massa, cursus sit amet urna et, aliquet lobortis magna.\n\n* Nunc faucibus dolor vel magna euismod, vel congue libero suscipit.\n\n## Aliquam malesuada, tellus eu condimentum ultricies\n\nCurabitur at est est. Sed sit amet nibh vel tortor blandit dignissim. Fusce fringilla velit ac magna lobortis porta vel in dui. Mauris eleifend urna vel nunc gravida, sit amet ultricies mi facilisis. Etiam in sagittis nisl:\n\n1. **Integer lobortis**, massa non interdum tempor, enim erat fringilla erat, a aliquet nulla urna eget erat. Quisque vitae sagittis ligula, quis pharetra libero.\n2. **Quisque eget rhoncus ligula**. Morbi lorem quam, dapibus consequat finibus id, accumsan at ligula.\n3. **Phasellus sodales nulla mi, convallis mattis nulla mollis at**. Pellentesque nisi velit, dapibus vel interdum vel, ullamcorper quis lectus.\n\n### Pellentesque ultrices, felis id consequat sagittis\n\n**_Vivamus condimentum varius egestas_**. Cras eleifend iaculis orci, nec venenatis sem fermentum eget. Sed felis ipsum, porta a enim quis, bibendum fermentum elit. Ut posuere felis sed pulvinar euismod. Donec non aliquet elit, vel sodales risus. Ut accumsan orci enim, nec posuere nisl tempus ac. Ut sapien sem, laoreet eu lorem sodales, sollicitudin ullamcorper orci. Etiam odio magna, vehicula mattis mollis sit amet, vulputate vel libero. Nulla eget quam id velit lobortis egestas. Mauris vitae magna a nibh pellentesque finibus. Fusce _gravida neque ac bibendum_ consequat. Integer dignissim sagittis lorem sit amet aliquam. Quisque massa lacus, ornare ac purus non, finibus congue turpis. Class aptent _taciti sociosqu ad litora_ torquent per conubia nostra, per inceptos himenaeos. Donec eu tellus in leo vulputate tempor. Ut leo risus, vestibulum et tempus id, accumsan nec orci.\n\nVivamus euismod dolor vitae tristique sodales. Nunc varius finibus velit eu aliquet. Donec a ipsum diam. In id rhoncus leo, vitae fermentum diam. Aliquam sodales pellentesque lectus, a tincidunt magna tincidunt nec. Interdum et malesuada fames ac ante ipsum primis in faucibus. **Phasellus ac libero vitae leo porta maximus eu varius lorem**. Sed molestie mi quis mi accumsan porta. Fusce vulputate non elit non efficitur. Fusce sed leo quis justo molestie laoreet. Donec dictum ultrices lacinia. Nam aliquam id nibh eget congue. Maecenas faucibus purus velit, ac porta ligula iaculis sed.\n\nUt vel arcu nunc. Mauris ac tempor nisi. Nam vel mollis nibh. In luctus semper est. Nam lacinia odio ut suscipit dictum. Aliquam accumsan lectus sit amet mi ultrices aliquet. Fusce eu dolor vitae arcu pretium viverra.\n\n## Nullam lectus leo, ultricies nec bibendum sed, ultrices dictum velit\n\nPraesent congue dapibus eros vitae eleifend. Suspendisse posuere lobortis tempus. In hac habitasse platea dictumst. Vestibulum a lorem bibendum, accumsan tortor id, feugiat velit. Maecenas tincidunt magna tellus, vitae tristique metus blandit auctor. Pellentesque ipsum odio, faucibus sit amet sodales nec, pharetra eget erat. In lacinia sapien quis metus eleifend, in aliquam lorem maximus.\n\nMauris vulputate orci enim, nec mollis velit placerat nec. Phasellus odio ex, maximus at felis a, egestas mattis nisi. Nullam tristique cursus tempus. Maecenas venenatis euismod nunc, vel cursus leo suscipit quis. Nullam fermentum molestie metus, ut egestas neque maximus vitae. **Vivamus tellus est, ullamcorper quis luctus id, mollis in tellus**. Aliquam tempus elit placerat dictum varius. Duis felis nulla, hendrerit nec ultrices eget, interdum varius tellus. Fusce tortor nibh, suscipit in vehicula non, vestibulum sit amet arcu. Etiam vestibulum elit vitae tellus egestas condimentum. Cras non aliquam augue. Vestibulum consequat ullamcorper eleifend. Curabitur lacinia consequat nisi, a bibendum arcu. Ut posuere massa vel ante luctus, fringilla maximus purus ultricies.\n\nNulla convallis, lorem nec volutpat rutrum, magna orci ornare urna, laoreet ultricies lacus mi sit amet est. Etiam accumsan lacus non mi mattis, non hendrerit dolor condimentum. Sed accumsan commodo mattis. Proin aliquam tristique lacus, quis porta nulla facilisis quis. Donec accumsan consectetur dui eu tristique. Vestibulum eros libero, cursus nec hendrerit sed, aliquam in ex. Proin lobortis massa non felis tincidunt laoreet.\n\n## Mauris ut euismod lacus\n\nVestibulum elementum tellus in massa bibendum tincidunt. Mauris sed fermentum ante. Nulla convallis in velit quis rhoncus. Aliquam in condimentum augue, sit amet aliquam orci. Ut faucibus commodo ante, sit amet sollicitudin eros placerat et. Nulla quis elementum sem. Nunc non dictum tortor, a aliquet nisi.\n\n### Integer sodales ultrices erat nec efficitur.\n\nNunc ultricies diam nec arcu porttitor congue. Pellentesque ipsum eros, vulputate eu egestas nec, accumsan ut erat. Praesent mi elit, pharetra nec massa et, gravida luctus felis.\n\n| Ut pretium lectus arcu  | quis fringilla magna blandit vitae |\n| ------------- |:-------------:|\n| Phasellus elementum     | lacus quis varius volutpat     |\n| Cras semper     | ullamcorper pharetra     |\n| Integer sapien sem     | dignissim a ultrices nec     |\n\nPraesent congue dapibus eros vitae eleifend. Suspendisse posuere lobortis tempus. In hac habitasse platea dictumst. Vestibulum a lorem bibendum, accumsan tortor id, feugiat velit. Maecenas tincidunt magna tellus, vitae tristique metus blandit auctor. Pellentesque ipsum odio, faucibus sit amet sodales nec, pharetra eget erat. In lacinia sapien quis metus eleifend, in aliquam lorem maximus.','https://res.cloudinary.com/dnkmzoohy/image/upload/v1668114618/ciudades/roma_ydcgkq.jpg',5),(7,'París','# Lorem Ipsum\n**Lorem ipsum dolor sit amet**, consectetur adipiscing elit. Maecenas malesuada pretium congue. Nunc at consectetur ex. Sed imperdiet ex eu magna tristique laoreet. Vestibulum at tortor mi. Sed vestibulum, neque eu porttitor ullamcorper, purus justo congue purus, **nec sollicitudin dolor arcu molestie tortor**. Pellentesque erat quam, tempus sagittis elementum et, cursus ut mi. Sed neque felis, pharetra nec velit ut, aliquet vehicula metus. Ut et laoreet lorem. Donec pulvinar at elit at dictum.\n\n## Nulla velit lectus.\n\nNunc cursus, purus lacinia sagittis porta, dolor arcu molestie elit, vitae tristique urna mauris a arcu. Donec leo purus, molestie sit amet augue vel, rutrum mattis nisl. Aenean viverra molestie lectus, ac maximus mi aliquam porttitor.\n\n* Nulla commodo porttitor sapien, eget malesuada tellus mattis eu. Aenean et porta dolor\n* Fusce nisi dui, aliquet bibendum felis at, lacinia faucibus neque\n* Donec massa est, viverra a cursus ut, semper quis quam. Vestibulum ante ipsum primis in faucibus orci luctus et ultrices posuere cubilia curae; Integer sodales maximus libero, vel imperdiet massa auctor ac\n* Nunc feugiat euismod egestas. Fusce massa metus, lobortis quis metus quis, mollis interdum lacus.\n\n* Nam porta velit eu nisi mollis volutpat. Sed condimentum faucibus sollicitudin.\n\n* Sed mauris massa, cursus sit amet urna et, aliquet lobortis magna.\n\n* Nunc faucibus dolor vel magna euismod, vel congue libero suscipit.\n\n## Aliquam malesuada, tellus eu condimentum ultricies\n\nCurabitur at est est. Sed sit amet nibh vel tortor blandit dignissim. Fusce fringilla velit ac magna lobortis porta vel in dui. Mauris eleifend urna vel nunc gravida, sit amet ultricies mi facilisis. Etiam in sagittis nisl:\n\n1. **Integer lobortis**, massa non interdum tempor, enim erat fringilla erat, a aliquet nulla urna eget erat. Quisque vitae sagittis ligula, quis pharetra libero.\n2. **Quisque eget rhoncus ligula**. Morbi lorem quam, dapibus consequat finibus id, accumsan at ligula.\n3. **Phasellus sodales nulla mi, convallis mattis nulla mollis at**. Pellentesque nisi velit, dapibus vel interdum vel, ullamcorper quis lectus.\n\n### Pellentesque ultrices, felis id consequat sagittis\n\n**_Vivamus condimentum varius egestas_**. Cras eleifend iaculis orci, nec venenatis sem fermentum eget. Sed felis ipsum, porta a enim quis, bibendum fermentum elit. Ut posuere felis sed pulvinar euismod. Donec non aliquet elit, vel sodales risus. Ut accumsan orci enim, nec posuere nisl tempus ac. Ut sapien sem, laoreet eu lorem sodales, sollicitudin ullamcorper orci. Etiam odio magna, vehicula mattis mollis sit amet, vulputate vel libero. Nulla eget quam id velit lobortis egestas. Mauris vitae magna a nibh pellentesque finibus. Fusce _gravida neque ac bibendum_ consequat. Integer dignissim sagittis lorem sit amet aliquam. Quisque massa lacus, ornare ac purus non, finibus congue turpis. Class aptent _taciti sociosqu ad litora_ torquent per conubia nostra, per inceptos himenaeos. Donec eu tellus in leo vulputate tempor. Ut leo risus, vestibulum et tempus id, accumsan nec orci.\n\nVivamus euismod dolor vitae tristique sodales. Nunc varius finibus velit eu aliquet. Donec a ipsum diam. In id rhoncus leo, vitae fermentum diam. Aliquam sodales pellentesque lectus, a tincidunt magna tincidunt nec. Interdum et malesuada fames ac ante ipsum primis in faucibus. **Phasellus ac libero vitae leo porta maximus eu varius lorem**. Sed molestie mi quis mi accumsan porta. Fusce vulputate non elit non efficitur. Fusce sed leo quis justo molestie laoreet. Donec dictum ultrices lacinia. Nam aliquam id nibh eget congue. Maecenas faucibus purus velit, ac porta ligula iaculis sed.\n\nUt vel arcu nunc. Mauris ac tempor nisi. Nam vel mollis nibh. In luctus semper est. Nam lacinia odio ut suscipit dictum. Aliquam accumsan lectus sit amet mi ultrices aliquet. Fusce eu dolor vitae arcu pretium viverra.\n\n## Nullam lectus leo, ultricies nec bibendum sed, ultrices dictum velit\n\nPraesent congue dapibus eros vitae eleifend. Suspendisse posuere lobortis tempus. In hac habitasse platea dictumst. Vestibulum a lorem bibendum, accumsan tortor id, feugiat velit. Maecenas tincidunt magna tellus, vitae tristique metus blandit auctor. Pellentesque ipsum odio, faucibus sit amet sodales nec, pharetra eget erat. In lacinia sapien quis metus eleifend, in aliquam lorem maximus.\n\nMauris vulputate orci enim, nec mollis velit placerat nec. Phasellus odio ex, maximus at felis a, egestas mattis nisi. Nullam tristique cursus tempus. Maecenas venenatis euismod nunc, vel cursus leo suscipit quis. Nullam fermentum molestie metus, ut egestas neque maximus vitae. **Vivamus tellus est, ullamcorper quis luctus id, mollis in tellus**. Aliquam tempus elit placerat dictum varius. Duis felis nulla, hendrerit nec ultrices eget, interdum varius tellus. Fusce tortor nibh, suscipit in vehicula non, vestibulum sit amet arcu. Etiam vestibulum elit vitae tellus egestas condimentum. Cras non aliquam augue. Vestibulum consequat ullamcorper eleifend. Curabitur lacinia consequat nisi, a bibendum arcu. Ut posuere massa vel ante luctus, fringilla maximus purus ultricies.\n\nNulla convallis, lorem nec volutpat rutrum, magna orci ornare urna, laoreet ultricies lacus mi sit amet est. Etiam accumsan lacus non mi mattis, non hendrerit dolor condimentum. Sed accumsan commodo mattis. Proin aliquam tristique lacus, quis porta nulla facilisis quis. Donec accumsan consectetur dui eu tristique. Vestibulum eros libero, cursus nec hendrerit sed, aliquam in ex. Proin lobortis massa non felis tincidunt laoreet.\n\n## Mauris ut euismod lacus\n\nVestibulum elementum tellus in massa bibendum tincidunt. Mauris sed fermentum ante. Nulla convallis in velit quis rhoncus. Aliquam in condimentum augue, sit amet aliquam orci. Ut faucibus commodo ante, sit amet sollicitudin eros placerat et. Nulla quis elementum sem. Nunc non dictum tortor, a aliquet nisi.\n\n### Integer sodales ultrices erat nec efficitur.\n\nNunc ultricies diam nec arcu porttitor congue. Pellentesque ipsum eros, vulputate eu egestas nec, accumsan ut erat. Praesent mi elit, pharetra nec massa et, gravida luctus felis.\n\n| Ut pretium lectus arcu  | quis fringilla magna blandit vitae |\n| ------------- |:-------------:|\n| Phasellus elementum     | lacus quis varius volutpat     |\n| Cras semper     | ullamcorper pharetra     |\n| Integer sapien sem     | dignissim a ultrices nec     |\n\nPraesent congue dapibus eros vitae eleifend. Suspendisse posuere lobortis tempus. In hac habitasse platea dictumst. Vestibulum a lorem bibendum, accumsan tortor id, feugiat velit. Maecenas tincidunt magna tellus, vitae tristique metus blandit auctor. Pellentesque ipsum odio, faucibus sit amet sodales nec, pharetra eget erat. In lacinia sapien quis metus eleifend, in aliquam lorem maximus.','https://res.cloudinary.com/dnkmzoohy/image/upload/v1668114619/ciudades/Paris_hcilao.jpg',2),(8,'Brno','**Lorem ipsum dolor sit amet**, consectetur adipiscing elit. Maecenas malesuada pretium congue. Nunc at consectetur ex. Sed imperdiet ex eu magna tristique laoreet. Vestibulum at tortor mi. Sed vestibulum, neque eu porttitor ullamcorper, purus justo congue purus, **nec sollicitudin dolor arcu molestie tortor**. Pellentesque erat quam, tempus sagittis elementum et, cursus ut mi. Sed neque felis, pharetra nec velit ut, aliquet vehicula metus. Ut et laoreet lorem. Donec pulvinar at elit at dictum.\n\n## Nulla velit lectus.\n\nNunc cursus, purus lacinia sagittis porta, dolor arcu molestie elit, vitae tristique urna mauris a arcu. Donec leo purus, molestie sit amet augue vel, rutrum mattis nisl. Aenean viverra molestie lectus, ac maximus mi aliquam porttitor.\n\n* Nulla commodo porttitor sapien, eget malesuada tellus mattis eu. Aenean et porta dolor\n* Fusce nisi dui, aliquet bibendum felis at, lacinia faucibus neque\n* Donec massa est, viverra a cursus ut, semper quis quam. Vestibulum ante ipsum primis in faucibus orci luctus et ultrices posuere cubilia curae; Integer sodales maximus libero, vel imperdiet massa auctor ac\n* Nunc feugiat euismod egestas. Fusce massa metus, lobortis quis metus quis, mollis interdum lacus.\n\n* Nam porta velit eu nisi mollis volutpat. Sed condimentum faucibus sollicitudin.\n\n* Sed mauris massa, cursus sit amet urna et, aliquet lobortis magna.\n\n* Nunc faucibus dolor vel magna euismod, vel congue libero suscipit.\n\n## Aliquam malesuada, tellus eu condimentum ultricies\n\nCurabitur at est est. Sed sit amet nibh vel tortor blandit dignissim. Fusce fringilla velit ac magna lobortis porta vel in dui. Mauris eleifend urna vel nunc gravida, sit amet ultricies mi facilisis. Etiam in sagittis nisl:\n\n1. **Integer lobortis**, massa non interdum tempor, enim erat fringilla erat, a aliquet nulla urna eget erat. Quisque vitae sagittis ligula, quis pharetra libero.\n2. **Quisque eget rhoncus ligula**. Morbi lorem quam, dapibus consequat finibus id, accumsan at ligula.\n3. **Phasellus sodales nulla mi, convallis mattis nulla mollis at**. Pellentesque nisi velit, dapibus vel interdum vel, ullamcorper quis lectus.\n\n### Pellentesque ultrices, felis id consequat sagittis\n\n**_Vivamus condimentum varius egestas_**. Cras eleifend iaculis orci, nec venenatis sem fermentum eget. Sed felis ipsum, porta a enim quis, bibendum fermentum elit. Ut posuere felis sed pulvinar euismod. Donec non aliquet elit, vel sodales risus. Ut accumsan orci enim, nec posuere nisl tempus ac. Ut sapien sem, laoreet eu lorem sodales, sollicitudin ullamcorper orci. Etiam odio magna, vehicula mattis mollis sit amet, vulputate vel libero. Nulla eget quam id velit lobortis egestas. Mauris vitae magna a nibh pellentesque finibus. Fusce _gravida neque ac bibendum_ consequat. Integer dignissim sagittis lorem sit amet aliquam. Quisque massa lacus, ornare ac purus non, finibus congue turpis. Class aptent _taciti sociosqu ad litora_ torquent per conubia nostra, per inceptos himenaeos. Donec eu tellus in leo vulputate tempor. Ut leo risus, vestibulum et tempus id, accumsan nec orci.\n\nVivamus euismod dolor vitae tristique sodales. Nunc varius finibus velit eu aliquet. Donec a ipsum diam. In id rhoncus leo, vitae fermentum diam. Aliquam sodales pellentesque lectus, a tincidunt magna tincidunt nec. Interdum et malesuada fames ac ante ipsum primis in faucibus. **Phasellus ac libero vitae leo porta maximus eu varius lorem**. Sed molestie mi quis mi accumsan porta. Fusce vulputate non elit non efficitur. Fusce sed leo quis justo molestie laoreet. Donec dictum ultrices lacinia. Nam aliquam id nibh eget congue. Maecenas faucibus purus velit, ac porta ligula iaculis sed.\n\nUt vel arcu nunc. Mauris ac tempor nisi. Nam vel mollis nibh. In luctus semper est. Nam lacinia odio ut suscipit dictum. Aliquam accumsan lectus sit amet mi ultrices aliquet. Fusce eu dolor vitae arcu pretium viverra.\n\n## Nullam lectus leo, ultricies nec bibendum sed, ultrices dictum velit\n\nPraesent congue dapibus eros vitae eleifend. Suspendisse posuere lobortis tempus. In hac habitasse platea dictumst. Vestibulum a lorem bibendum, accumsan tortor id, feugiat velit. Maecenas tincidunt magna tellus, vitae tristique metus blandit auctor. Pellentesque ipsum odio, faucibus sit amet sodales nec, pharetra eget erat. In lacinia sapien quis metus eleifend, in aliquam lorem maximus.\n\nMauris vulputate orci enim, nec mollis velit placerat nec. Phasellus odio ex, maximus at felis a, egestas mattis nisi. Nullam tristique cursus tempus. Maecenas venenatis euismod nunc, vel cursus leo suscipit quis. Nullam fermentum molestie metus, ut egestas neque maximus vitae. **Vivamus tellus est, ullamcorper quis luctus id, mollis in tellus**. Aliquam tempus elit placerat dictum varius. Duis felis nulla, hendrerit nec ultrices eget, interdum varius tellus. Fusce tortor nibh, suscipit in vehicula non, vestibulum sit amet arcu. Etiam vestibulum elit vitae tellus egestas condimentum. Cras non aliquam augue. Vestibulum consequat ullamcorper eleifend. Curabitur lacinia consequat nisi, a bibendum arcu. Ut posuere massa vel ante luctus, fringilla maximus purus ultricies.\n\nNulla convallis, lorem nec volutpat rutrum, magna orci ornare urna, laoreet ultricies lacus mi sit amet est. Etiam accumsan lacus non mi mattis, non hendrerit dolor condimentum. Sed accumsan commodo mattis. Proin aliquam tristique lacus, quis porta nulla facilisis quis. Donec accumsan consectetur dui eu tristique. Vestibulum eros libero, cursus nec hendrerit sed, aliquam in ex. Proin lobortis massa non felis tincidunt laoreet.\n\n## Mauris ut euismod lacus\n\nVestibulum elementum tellus in massa bibendum tincidunt. Mauris sed fermentum ante. Nulla convallis in velit quis rhoncus. Aliquam in condimentum augue, sit amet aliquam orci. Ut faucibus commodo ante, sit amet sollicitudin eros placerat et. Nulla quis elementum sem. Nunc non dictum tortor, a aliquet nisi.\n\n### Integer sodales ultrices erat nec efficitur.\n\nNunc ultricies diam nec arcu porttitor congue. Pellentesque ipsum eros, vulputate eu egestas nec, accumsan ut erat. Praesent mi elit, pharetra nec massa et, gravida luctus felis.\n\nPraesent congue dapibus eros vitae eleifend. Suspendisse posuere lobortis tempus. In hac habitasse platea dictumst. Vestibulum a lorem bibendum, accumsan tortor id, feugiat velit. Maecenas tincidunt magna tellus, vitae tristique metus blandit auctor. Pellentesque ipsum odio, faucibus sit amet sodales nec, pharetra eget erat. In lacinia sapien quis metus eleifend, in aliquam lorem maximus.','https://res.cloudinary.com/dnkmzoohy/image/upload/v1668114618/ciudades/Brno_nbjuic.jpg',3),(9,'Praga','**Lorem ipsum dolor sit amet**, consectetur adipiscing elit. Maecenas malesuada pretium congue. Nunc at consectetur ex. Sed imperdiet ex eu magna tristique laoreet. Vestibulum at tortor mi. Sed vestibulum, neque eu porttitor ullamcorper, purus justo congue purus, **nec sollicitudin dolor arcu molestie tortor**. Pellentesque erat quam, tempus sagittis elementum et, cursus ut mi. Sed neque felis, pharetra nec velit ut, aliquet vehicula metus. Ut et laoreet lorem. Donec pulvinar at elit at dictum.\n\n## Nulla velit lectus.\n\nNunc cursus, purus lacinia sagittis porta, dolor arcu molestie elit, vitae tristique urna mauris a arcu. Donec leo purus, molestie sit amet augue vel, rutrum mattis nisl. Aenean viverra molestie lectus, ac maximus mi aliquam porttitor.\n\n* Nulla commodo porttitor sapien, eget malesuada tellus mattis eu. Aenean et porta dolor\n* Fusce nisi dui, aliquet bibendum felis at, lacinia faucibus neque\n* Donec massa est, viverra a cursus ut, semper quis quam. Vestibulum ante ipsum primis in faucibus orci luctus et ultrices posuere cubilia curae; Integer sodales maximus libero, vel imperdiet massa auctor ac\n* Nunc feugiat euismod egestas. Fusce massa metus, lobortis quis metus quis, mollis interdum lacus.\n\n* Nam porta velit eu nisi mollis volutpat. Sed condimentum faucibus sollicitudin.\n\n* Sed mauris massa, cursus sit amet urna et, aliquet lobortis magna.\n\n* Nunc faucibus dolor vel magna euismod, vel congue libero suscipit.\n\n## Aliquam malesuada, tellus eu condimentum ultricies\n\nCurabitur at est est. Sed sit amet nibh vel tortor blandit dignissim. Fusce fringilla velit ac magna lobortis porta vel in dui. Mauris eleifend urna vel nunc gravida, sit amet ultricies mi facilisis. Etiam in sagittis nisl:\n\n1. **Integer lobortis**, massa non interdum tempor, enim erat fringilla erat, a aliquet nulla urna eget erat. Quisque vitae sagittis ligula, quis pharetra libero.\n2. **Quisque eget rhoncus ligula**. Morbi lorem quam, dapibus consequat finibus id, accumsan at ligula.\n3. **Phasellus sodales nulla mi, convallis mattis nulla mollis at**. Pellentesque nisi velit, dapibus vel interdum vel, ullamcorper quis lectus.\n\n### Pellentesque ultrices, felis id consequat sagittis\n\n**_Vivamus condimentum varius egestas_**. Cras eleifend iaculis orci, nec venenatis sem fermentum eget. Sed felis ipsum, porta a enim quis, bibendum fermentum elit. Ut posuere felis sed pulvinar euismod. Donec non aliquet elit, vel sodales risus. Ut accumsan orci enim, nec posuere nisl tempus ac. Ut sapien sem, laoreet eu lorem sodales, sollicitudin ullamcorper orci. Etiam odio magna, vehicula mattis mollis sit amet, vulputate vel libero. Nulla eget quam id velit lobortis egestas. Mauris vitae magna a nibh pellentesque finibus. Fusce _gravida neque ac bibendum_ consequat. Integer dignissim sagittis lorem sit amet aliquam. Quisque massa lacus, ornare ac purus non, finibus congue turpis. Class aptent _taciti sociosqu ad litora_ torquent per conubia nostra, per inceptos himenaeos. Donec eu tellus in leo vulputate tempor. Ut leo risus, vestibulum et tempus id, accumsan nec orci.\n\nVivamus euismod dolor vitae tristique sodales. Nunc varius finibus velit eu aliquet. Donec a ipsum diam. In id rhoncus leo, vitae fermentum diam. Aliquam sodales pellentesque lectus, a tincidunt magna tincidunt nec. Interdum et malesuada fames ac ante ipsum primis in faucibus. **Phasellus ac libero vitae leo porta maximus eu varius lorem**. Sed molestie mi quis mi accumsan porta. Fusce vulputate non elit non efficitur. Fusce sed leo quis justo molestie laoreet. Donec dictum ultrices lacinia. Nam aliquam id nibh eget congue. Maecenas faucibus purus velit, ac porta ligula iaculis sed.\n\nUt vel arcu nunc. Mauris ac tempor nisi. Nam vel mollis nibh. In luctus semper est. Nam lacinia odio ut suscipit dictum. Aliquam accumsan lectus sit amet mi ultrices aliquet. Fusce eu dolor vitae arcu pretium viverra.\n\n## Nullam lectus leo, ultricies nec bibendum sed, ultrices dictum velit\n\nPraesent congue dapibus eros vitae eleifend. Suspendisse posuere lobortis tempus. In hac habitasse platea dictumst. Vestibulum a lorem bibendum, accumsan tortor id, feugiat velit. Maecenas tincidunt magna tellus, vitae tristique metus blandit auctor. Pellentesque ipsum odio, faucibus sit amet sodales nec, pharetra eget erat. In lacinia sapien quis metus eleifend, in aliquam lorem maximus.\n\nMauris vulputate orci enim, nec mollis velit placerat nec. Phasellus odio ex, maximus at felis a, egestas mattis nisi. Nullam tristique cursus tempus. Maecenas venenatis euismod nunc, vel cursus leo suscipit quis. Nullam fermentum molestie metus, ut egestas neque maximus vitae. **Vivamus tellus est, ullamcorper quis luctus id, mollis in tellus**. Aliquam tempus elit placerat dictum varius. Duis felis nulla, hendrerit nec ultrices eget, interdum varius tellus. Fusce tortor nibh, suscipit in vehicula non, vestibulum sit amet arcu. Etiam vestibulum elit vitae tellus egestas condimentum. Cras non aliquam augue. Vestibulum consequat ullamcorper eleifend. Curabitur lacinia consequat nisi, a bibendum arcu. Ut posuere massa vel ante luctus, fringilla maximus purus ultricies.\n\nNulla convallis, lorem nec volutpat rutrum, magna orci ornare urna, laoreet ultricies lacus mi sit amet est. Etiam accumsan lacus non mi mattis, non hendrerit dolor condimentum. Sed accumsan commodo mattis. Proin aliquam tristique lacus, quis porta nulla facilisis quis. Donec accumsan consectetur dui eu tristique. Vestibulum eros libero, cursus nec hendrerit sed, aliquam in ex. Proin lobortis massa non felis tincidunt laoreet.\n\n## Mauris ut euismod lacus\n\nVestibulum elementum tellus in massa bibendum tincidunt. Mauris sed fermentum ante. Nulla convallis in velit quis rhoncus. Aliquam in condimentum augue, sit amet aliquam orci. Ut faucibus commodo ante, sit amet sollicitudin eros placerat et. Nulla quis elementum sem. Nunc non dictum tortor, a aliquet nisi.\n\n### Integer sodales ultrices erat nec efficitur.\n\nNunc ultricies diam nec arcu porttitor congue. Pellentesque ipsum eros, vulputate eu egestas nec, accumsan ut erat. Praesent mi elit, pharetra nec massa et, gravida luctus felis.\n\nPraesent congue dapibus eros vitae eleifend. Suspendisse posuere lobortis tempus. In hac habitasse platea dictumst. Vestibulum a lorem bibendum, accumsan tortor id, feugiat velit. Maecenas tincidunt magna tellus, vitae tristique metus blandit auctor. Pellentesque ipsum odio, faucibus sit amet sodales nec, pharetra eget erat. In lacinia sapien quis metus eleifend, in aliquam lorem maximus.','https://res.cloudinary.com/dnkmzoohy/image/upload/v1668114618/ciudades/Praga_tagxpe.jpg',3),(10,'Lyon','**Lorem ipsum dolor sit amet**, consectetur adipiscing elit. Maecenas malesuada pretium congue. Nunc at consectetur ex. Sed imperdiet ex eu magna tristique laoreet. Vestibulum at tortor mi. Sed vestibulum, neque eu porttitor ullamcorper, purus justo congue purus, **nec sollicitudin dolor arcu molestie tortor**. Pellentesque erat quam, tempus sagittis elementum et, cursus ut mi. Sed neque felis, pharetra nec velit ut, aliquet vehicula metus. Ut et laoreet lorem. Donec pulvinar at elit at dictum.\n\n## Nulla velit lectus.\n\nNunc cursus, purus lacinia sagittis porta, dolor arcu molestie elit, vitae tristique urna mauris a arcu. Donec leo purus, molestie sit amet augue vel, rutrum mattis nisl. Aenean viverra molestie lectus, ac maximus mi aliquam porttitor.\n\n* Nulla commodo porttitor sapien, eget malesuada tellus mattis eu. Aenean et porta dolor\n* Fusce nisi dui, aliquet bibendum felis at, lacinia faucibus neque\n* Donec massa est, viverra a cursus ut, semper quis quam. Vestibulum ante ipsum primis in faucibus orci luctus et ultrices posuere cubilia curae; Integer sodales maximus libero, vel imperdiet massa auctor ac\n* Nunc feugiat euismod egestas. Fusce massa metus, lobortis quis metus quis, mollis interdum lacus.\n\n* Nam porta velit eu nisi mollis volutpat. Sed condimentum faucibus sollicitudin.\n\n* Sed mauris massa, cursus sit amet urna et, aliquet lobortis magna.\n\n* Nunc faucibus dolor vel magna euismod, vel congue libero suscipit.\n\n## Aliquam malesuada, tellus eu condimentum ultricies\n\nCurabitur at est est. Sed sit amet nibh vel tortor blandit dignissim. Fusce fringilla velit ac magna lobortis porta vel in dui. Mauris eleifend urna vel nunc gravida, sit amet ultricies mi facilisis. Etiam in sagittis nisl:\n\n1. **Integer lobortis**, massa non interdum tempor, enim erat fringilla erat, a aliquet nulla urna eget erat. Quisque vitae sagittis ligula, quis pharetra libero.\n2. **Quisque eget rhoncus ligula**. Morbi lorem quam, dapibus consequat finibus id, accumsan at ligula.\n3. **Phasellus sodales nulla mi, convallis mattis nulla mollis at**. Pellentesque nisi velit, dapibus vel interdum vel, ullamcorper quis lectus.\n\n### Pellentesque ultrices, felis id consequat sagittis\n\n**_Vivamus condimentum varius egestas_**. Cras eleifend iaculis orci, nec venenatis sem fermentum eget. Sed felis ipsum, porta a enim quis, bibendum fermentum elit. Ut posuere felis sed pulvinar euismod. Donec non aliquet elit, vel sodales risus. Ut accumsan orci enim, nec posuere nisl tempus ac. Ut sapien sem, laoreet eu lorem sodales, sollicitudin ullamcorper orci. Etiam odio magna, vehicula mattis mollis sit amet, vulputate vel libero. Nulla eget quam id velit lobortis egestas. Mauris vitae magna a nibh pellentesque finibus. Fusce _gravida neque ac bibendum_ consequat. Integer dignissim sagittis lorem sit amet aliquam. Quisque massa lacus, ornare ac purus non, finibus congue turpis. Class aptent _taciti sociosqu ad litora_ torquent per conubia nostra, per inceptos himenaeos. Donec eu tellus in leo vulputate tempor. Ut leo risus, vestibulum et tempus id, accumsan nec orci.\n\nVivamus euismod dolor vitae tristique sodales. Nunc varius finibus velit eu aliquet. Donec a ipsum diam. In id rhoncus leo, vitae fermentum diam. Aliquam sodales pellentesque lectus, a tincidunt magna tincidunt nec. Interdum et malesuada fames ac ante ipsum primis in faucibus. **Phasellus ac libero vitae leo porta maximus eu varius lorem**. Sed molestie mi quis mi accumsan porta. Fusce vulputate non elit non efficitur. Fusce sed leo quis justo molestie laoreet. Donec dictum ultrices lacinia. Nam aliquam id nibh eget congue. Maecenas faucibus purus velit, ac porta ligula iaculis sed.\n\nUt vel arcu nunc. Mauris ac tempor nisi. Nam vel mollis nibh. In luctus semper est. Nam lacinia odio ut suscipit dictum. Aliquam accumsan lectus sit amet mi ultrices aliquet. Fusce eu dolor vitae arcu pretium viverra.\n\n## Nullam lectus leo, ultricies nec bibendum sed, ultrices dictum velit\n\nPraesent congue dapibus eros vitae eleifend. Suspendisse posuere lobortis tempus. In hac habitasse platea dictumst. Vestibulum a lorem bibendum, accumsan tortor id, feugiat velit. Maecenas tincidunt magna tellus, vitae tristique metus blandit auctor. Pellentesque ipsum odio, faucibus sit amet sodales nec, pharetra eget erat. In lacinia sapien quis metus eleifend, in aliquam lorem maximus.\n\nMauris vulputate orci enim, nec mollis velit placerat nec. Phasellus odio ex, maximus at felis a, egestas mattis nisi. Nullam tristique cursus tempus. Maecenas venenatis euismod nunc, vel cursus leo suscipit quis. Nullam fermentum molestie metus, ut egestas neque maximus vitae. **Vivamus tellus est, ullamcorper quis luctus id, mollis in tellus**. Aliquam tempus elit placerat dictum varius. Duis felis nulla, hendrerit nec ultrices eget, interdum varius tellus. Fusce tortor nibh, suscipit in vehicula non, vestibulum sit amet arcu. Etiam vestibulum elit vitae tellus egestas condimentum. Cras non aliquam augue. Vestibulum consequat ullamcorper eleifend. Curabitur lacinia consequat nisi, a bibendum arcu. Ut posuere massa vel ante luctus, fringilla maximus purus ultricies.\n\nNulla convallis, lorem nec volutpat rutrum, magna orci ornare urna, laoreet ultricies lacus mi sit amet est. Etiam accumsan lacus non mi mattis, non hendrerit dolor condimentum. Sed accumsan commodo mattis. Proin aliquam tristique lacus, quis porta nulla facilisis quis. Donec accumsan consectetur dui eu tristique. Vestibulum eros libero, cursus nec hendrerit sed, aliquam in ex. Proin lobortis massa non felis tincidunt laoreet.\n\n## Mauris ut euismod lacus\n\nVestibulum elementum tellus in massa bibendum tincidunt. Mauris sed fermentum ante. Nulla convallis in velit quis rhoncus. Aliquam in condimentum augue, sit amet aliquam orci. Ut faucibus commodo ante, sit amet sollicitudin eros placerat et. Nulla quis elementum sem. Nunc non dictum tortor, a aliquet nisi.\n\n### Integer sodales ultrices erat nec efficitur.\n\nNunc ultricies diam nec arcu porttitor congue. Pellentesque ipsum eros, vulputate eu egestas nec, accumsan ut erat. Praesent mi elit, pharetra nec massa et, gravida luctus felis.\n\nPraesent congue dapibus eros vitae eleifend. Suspendisse posuere lobortis tempus. In hac habitasse platea dictumst. Vestibulum a lorem bibendum, accumsan tortor id, feugiat velit. Maecenas tincidunt magna tellus, vitae tristique metus blandit auctor. Pellentesque ipsum odio, faucibus sit amet sodales nec, pharetra eget erat. In lacinia sapien quis metus eleifend, in aliquam lorem maximus.','https://res.cloudinary.com/dnkmzoohy/image/upload/v1668114619/ciudades/Lyon_vihjnq.jpg',2),(11,'Bratislava','**Lorem ipsum dolor sit amet**, consectetur adipiscing elit. Maecenas malesuada pretium congue. Nunc at consectetur ex. Sed imperdiet ex eu magna tristique laoreet. Vestibulum at tortor mi. Sed vestibulum, neque eu porttitor ullamcorper, purus justo congue purus, **nec sollicitudin dolor arcu molestie tortor**. Pellentesque erat quam, tempus sagittis elementum et, cursus ut mi. Sed neque felis, pharetra nec velit ut, aliquet vehicula metus. Ut et laoreet lorem. Donec pulvinar at elit at dictum.\n\n## Nulla velit lectus.\n\nNunc cursus, purus lacinia sagittis porta, dolor arcu molestie elit, vitae tristique urna mauris a arcu. Donec leo purus, molestie sit amet augue vel, rutrum mattis nisl. Aenean viverra molestie lectus, ac maximus mi aliquam porttitor.\n\n* Nulla commodo porttitor sapien, eget malesuada tellus mattis eu. Aenean et porta dolor\n* Fusce nisi dui, aliquet bibendum felis at, lacinia faucibus neque\n* Donec massa est, viverra a cursus ut, semper quis quam. Vestibulum ante ipsum primis in faucibus orci luctus et ultrices posuere cubilia curae; Integer sodales maximus libero, vel imperdiet massa auctor ac\n* Nunc feugiat euismod egestas. Fusce massa metus, lobortis quis metus quis, mollis interdum lacus.\n\n* Nam porta velit eu nisi mollis volutpat. Sed condimentum faucibus sollicitudin.\n\n* Sed mauris massa, cursus sit amet urna et, aliquet lobortis magna.\n\n* Nunc faucibus dolor vel magna euismod, vel congue libero suscipit.\n\n## Aliquam malesuada, tellus eu condimentum ultricies\n\nCurabitur at est est. Sed sit amet nibh vel tortor blandit dignissim. Fusce fringilla velit ac magna lobortis porta vel in dui. Mauris eleifend urna vel nunc gravida, sit amet ultricies mi facilisis. Etiam in sagittis nisl:\n\n1. **Integer lobortis**, massa non interdum tempor, enim erat fringilla erat, a aliquet nulla urna eget erat. Quisque vitae sagittis ligula, quis pharetra libero.\n2. **Quisque eget rhoncus ligula**. Morbi lorem quam, dapibus consequat finibus id, accumsan at ligula.\n3. **Phasellus sodales nulla mi, convallis mattis nulla mollis at**. Pellentesque nisi velit, dapibus vel interdum vel, ullamcorper quis lectus.\n\n### Pellentesque ultrices, felis id consequat sagittis\n\n**_Vivamus condimentum varius egestas_**. Cras eleifend iaculis orci, nec venenatis sem fermentum eget. Sed felis ipsum, porta a enim quis, bibendum fermentum elit. Ut posuere felis sed pulvinar euismod. Donec non aliquet elit, vel sodales risus. Ut accumsan orci enim, nec posuere nisl tempus ac. Ut sapien sem, laoreet eu lorem sodales, sollicitudin ullamcorper orci. Etiam odio magna, vehicula mattis mollis sit amet, vulputate vel libero. Nulla eget quam id velit lobortis egestas. Mauris vitae magna a nibh pellentesque finibus. Fusce _gravida neque ac bibendum_ consequat. Integer dignissim sagittis lorem sit amet aliquam. Quisque massa lacus, ornare ac purus non, finibus congue turpis. Class aptent _taciti sociosqu ad litora_ torquent per conubia nostra, per inceptos himenaeos. Donec eu tellus in leo vulputate tempor. Ut leo risus, vestibulum et tempus id, accumsan nec orci.\n\nVivamus euismod dolor vitae tristique sodales. Nunc varius finibus velit eu aliquet. Donec a ipsum diam. In id rhoncus leo, vitae fermentum diam. Aliquam sodales pellentesque lectus, a tincidunt magna tincidunt nec. Interdum et malesuada fames ac ante ipsum primis in faucibus. **Phasellus ac libero vitae leo porta maximus eu varius lorem**. Sed molestie mi quis mi accumsan porta. Fusce vulputate non elit non efficitur. Fusce sed leo quis justo molestie laoreet. Donec dictum ultrices lacinia. Nam aliquam id nibh eget congue. Maecenas faucibus purus velit, ac porta ligula iaculis sed.\n\nUt vel arcu nunc. Mauris ac tempor nisi. Nam vel mollis nibh. In luctus semper est. Nam lacinia odio ut suscipit dictum. Aliquam accumsan lectus sit amet mi ultrices aliquet. Fusce eu dolor vitae arcu pretium viverra.\n\n## Nullam lectus leo, ultricies nec bibendum sed, ultrices dictum velit\n\nPraesent congue dapibus eros vitae eleifend. Suspendisse posuere lobortis tempus. In hac habitasse platea dictumst. Vestibulum a lorem bibendum, accumsan tortor id, feugiat velit. Maecenas tincidunt magna tellus, vitae tristique metus blandit auctor. Pellentesque ipsum odio, faucibus sit amet sodales nec, pharetra eget erat. In lacinia sapien quis metus eleifend, in aliquam lorem maximus.\n\nMauris vulputate orci enim, nec mollis velit placerat nec. Phasellus odio ex, maximus at felis a, egestas mattis nisi. Nullam tristique cursus tempus. Maecenas venenatis euismod nunc, vel cursus leo suscipit quis. Nullam fermentum molestie metus, ut egestas neque maximus vitae. **Vivamus tellus est, ullamcorper quis luctus id, mollis in tellus**. Aliquam tempus elit placerat dictum varius. Duis felis nulla, hendrerit nec ultrices eget, interdum varius tellus. Fusce tortor nibh, suscipit in vehicula non, vestibulum sit amet arcu. Etiam vestibulum elit vitae tellus egestas condimentum. Cras non aliquam augue. Vestibulum consequat ullamcorper eleifend. Curabitur lacinia consequat nisi, a bibendum arcu. Ut posuere massa vel ante luctus, fringilla maximus purus ultricies.\n\nNulla convallis, lorem nec volutpat rutrum, magna orci ornare urna, laoreet ultricies lacus mi sit amet est. Etiam accumsan lacus non mi mattis, non hendrerit dolor condimentum. Sed accumsan commodo mattis. Proin aliquam tristique lacus, quis porta nulla facilisis quis. Donec accumsan consectetur dui eu tristique. Vestibulum eros libero, cursus nec hendrerit sed, aliquam in ex. Proin lobortis massa non felis tincidunt laoreet.\n\n## Mauris ut euismod lacus\n\nVestibulum elementum tellus in massa bibendum tincidunt. Mauris sed fermentum ante. Nulla convallis in velit quis rhoncus. Aliquam in condimentum augue, sit amet aliquam orci. Ut faucibus commodo ante, sit amet sollicitudin eros placerat et. Nulla quis elementum sem. Nunc non dictum tortor, a aliquet nisi.\n\n### Integer sodales ultrices erat nec efficitur.\n\nNunc ultricies diam nec arcu porttitor congue. Pellentesque ipsum eros, vulputate eu egestas nec, accumsan ut erat. Praesent mi elit, pharetra nec massa et, gravida luctus felis.\n\nPraesent congue dapibus eros vitae eleifend. Suspendisse posuere lobortis tempus. In hac habitasse platea dictumst. Vestibulum a lorem bibendum, accumsan tortor id, feugiat velit. Maecenas tincidunt magna tellus, vitae tristique metus blandit auctor. Pellentesque ipsum odio, faucibus sit amet sodales nec, pharetra eget erat. In lacinia sapien quis metus eleifend, in aliquam lorem maximus.','https://res.cloudinary.com/dnkmzoohy/image/upload/v1668114618/ciudades/Bratislava_stmkik.jpg',4),(12,'Kosice','**Lorem ipsum dolor sit amet**, consectetur adipiscing elit. Maecenas malesuada pretium congue. Nunc at consectetur ex. Sed imperdiet ex eu magna tristique laoreet. Vestibulum at tortor mi. Sed vestibulum, neque eu porttitor ullamcorper, purus justo congue purus, **nec sollicitudin dolor arcu molestie tortor**. Pellentesque erat quam, tempus sagittis elementum et, cursus ut mi. Sed neque felis, pharetra nec velit ut, aliquet vehicula metus. Ut et laoreet lorem. Donec pulvinar at elit at dictum.\n\n## Nulla velit lectus.\n\nNunc cursus, purus lacinia sagittis porta, dolor arcu molestie elit, vitae tristique urna mauris a arcu. Donec leo purus, molestie sit amet augue vel, rutrum mattis nisl. Aenean viverra molestie lectus, ac maximus mi aliquam porttitor.\n\n* Nulla commodo porttitor sapien, eget malesuada tellus mattis eu. Aenean et porta dolor\n* Fusce nisi dui, aliquet bibendum felis at, lacinia faucibus neque\n* Donec massa est, viverra a cursus ut, semper quis quam. Vestibulum ante ipsum primis in faucibus orci luctus et ultrices posuere cubilia curae; Integer sodales maximus libero, vel imperdiet massa auctor ac\n* Nunc feugiat euismod egestas. Fusce massa metus, lobortis quis metus quis, mollis interdum lacus.\n\n* Nam porta velit eu nisi mollis volutpat. Sed condimentum faucibus sollicitudin.\n\n* Sed mauris massa, cursus sit amet urna et, aliquet lobortis magna.\n\n* Nunc faucibus dolor vel magna euismod, vel congue libero suscipit.\n\n## Aliquam malesuada, tellus eu condimentum ultricies\n\nCurabitur at est est. Sed sit amet nibh vel tortor blandit dignissim. Fusce fringilla velit ac magna lobortis porta vel in dui. Mauris eleifend urna vel nunc gravida, sit amet ultricies mi facilisis. Etiam in sagittis nisl:\n\n1. **Integer lobortis**, massa non interdum tempor, enim erat fringilla erat, a aliquet nulla urna eget erat. Quisque vitae sagittis ligula, quis pharetra libero.\n2. **Quisque eget rhoncus ligula**. Morbi lorem quam, dapibus consequat finibus id, accumsan at ligula.\n3. **Phasellus sodales nulla mi, convallis mattis nulla mollis at**. Pellentesque nisi velit, dapibus vel interdum vel, ullamcorper quis lectus.\n\n### Pellentesque ultrices, felis id consequat sagittis\n\n**_Vivamus condimentum varius egestas_**. Cras eleifend iaculis orci, nec venenatis sem fermentum eget. Sed felis ipsum, porta a enim quis, bibendum fermentum elit. Ut posuere felis sed pulvinar euismod. Donec non aliquet elit, vel sodales risus. Ut accumsan orci enim, nec posuere nisl tempus ac. Ut sapien sem, laoreet eu lorem sodales, sollicitudin ullamcorper orci. Etiam odio magna, vehicula mattis mollis sit amet, vulputate vel libero. Nulla eget quam id velit lobortis egestas. Mauris vitae magna a nibh pellentesque finibus. Fusce _gravida neque ac bibendum_ consequat. Integer dignissim sagittis lorem sit amet aliquam. Quisque massa lacus, ornare ac purus non, finibus congue turpis. Class aptent _taciti sociosqu ad litora_ torquent per conubia nostra, per inceptos himenaeos. Donec eu tellus in leo vulputate tempor. Ut leo risus, vestibulum et tempus id, accumsan nec orci.\n\nVivamus euismod dolor vitae tristique sodales. Nunc varius finibus velit eu aliquet. Donec a ipsum diam. In id rhoncus leo, vitae fermentum diam. Aliquam sodales pellentesque lectus, a tincidunt magna tincidunt nec. Interdum et malesuada fames ac ante ipsum primis in faucibus. **Phasellus ac libero vitae leo porta maximus eu varius lorem**. Sed molestie mi quis mi accumsan porta. Fusce vulputate non elit non efficitur. Fusce sed leo quis justo molestie laoreet. Donec dictum ultrices lacinia. Nam aliquam id nibh eget congue. Maecenas faucibus purus velit, ac porta ligula iaculis sed.\n\nUt vel arcu nunc. Mauris ac tempor nisi. Nam vel mollis nibh. In luctus semper est. Nam lacinia odio ut suscipit dictum. Aliquam accumsan lectus sit amet mi ultrices aliquet. Fusce eu dolor vitae arcu pretium viverra.\n\n## Nullam lectus leo, ultricies nec bibendum sed, ultrices dictum velit\n\nPraesent congue dapibus eros vitae eleifend. Suspendisse posuere lobortis tempus. In hac habitasse platea dictumst. Vestibulum a lorem bibendum, accumsan tortor id, feugiat velit. Maecenas tincidunt magna tellus, vitae tristique metus blandit auctor. Pellentesque ipsum odio, faucibus sit amet sodales nec, pharetra eget erat. In lacinia sapien quis metus eleifend, in aliquam lorem maximus.\n\nMauris vulputate orci enim, nec mollis velit placerat nec. Phasellus odio ex, maximus at felis a, egestas mattis nisi. Nullam tristique cursus tempus. Maecenas venenatis euismod nunc, vel cursus leo suscipit quis. Nullam fermentum molestie metus, ut egestas neque maximus vitae. **Vivamus tellus est, ullamcorper quis luctus id, mollis in tellus**. Aliquam tempus elit placerat dictum varius. Duis felis nulla, hendrerit nec ultrices eget, interdum varius tellus. Fusce tortor nibh, suscipit in vehicula non, vestibulum sit amet arcu. Etiam vestibulum elit vitae tellus egestas condimentum. Cras non aliquam augue. Vestibulum consequat ullamcorper eleifend. Curabitur lacinia consequat nisi, a bibendum arcu. Ut posuere massa vel ante luctus, fringilla maximus purus ultricies.\n\nNulla convallis, lorem nec volutpat rutrum, magna orci ornare urna, laoreet ultricies lacus mi sit amet est. Etiam accumsan lacus non mi mattis, non hendrerit dolor condimentum. Sed accumsan commodo mattis. Proin aliquam tristique lacus, quis porta nulla facilisis quis. Donec accumsan consectetur dui eu tristique. Vestibulum eros libero, cursus nec hendrerit sed, aliquam in ex. Proin lobortis massa non felis tincidunt laoreet.\n\n## Mauris ut euismod lacus\n\nVestibulum elementum tellus in massa bibendum tincidunt. Mauris sed fermentum ante. Nulla convallis in velit quis rhoncus. Aliquam in condimentum augue, sit amet aliquam orci. Ut faucibus commodo ante, sit amet sollicitudin eros placerat et. Nulla quis elementum sem. Nunc non dictum tortor, a aliquet nisi.\n\n### Integer sodales ultrices erat nec efficitur.\n\nNunc ultricies diam nec arcu porttitor congue. Pellentesque ipsum eros, vulputate eu egestas nec, accumsan ut erat. Praesent mi elit, pharetra nec massa et, gravida luctus felis.\n\nPraesent congue dapibus eros vitae eleifend. Suspendisse posuere lobortis tempus. In hac habitasse platea dictumst. Vestibulum a lorem bibendum, accumsan tortor id, feugiat velit. Maecenas tincidunt magna tellus, vitae tristique metus blandit auctor. Pellentesque ipsum odio, faucibus sit amet sodales nec, pharetra eget erat. In lacinia sapien quis metus eleifend, in aliquam lorem maximus.','https://res.cloudinary.com/dnkmzoohy/image/upload/v1668114618/ciudades/Kosice_kglfdd.jpg',4),(14,'Ostrava','**Lorem ipsum dolor sit amet**, consectetur adipiscing elit. Maecenas malesuada pretium congue. Nunc at consectetur ex. Sed imperdiet ex eu magna tristique laoreet. Vestibulum at tortor mi. Sed vestibulum, neque eu porttitor ullamcorper, purus justo congue purus, **nec sollicitudin dolor arcu molestie tortor**. Pellentesque erat quam, tempus sagittis elementum et, cursus ut mi. Sed neque felis, pharetra nec velit ut, aliquet vehicula metus. Ut et laoreet lorem. Donec pulvinar at elit at dictum.\n\n## Nulla velit lectus.\n\nNunc cursus, purus lacinia sagittis porta, dolor arcu molestie elit, vitae tristique urna mauris a arcu. Donec leo purus, molestie sit amet augue vel, rutrum mattis nisl. Aenean viverra molestie lectus, ac maximus mi aliquam porttitor.\n\n* Nulla commodo porttitor sapien, eget malesuada tellus mattis eu. Aenean et porta dolor\n* Fusce nisi dui, aliquet bibendum felis at, lacinia faucibus neque\n* Donec massa est, viverra a cursus ut, semper quis quam. Vestibulum ante ipsum primis in faucibus orci luctus et ultrices posuere cubilia curae; Integer sodales maximus libero, vel imperdiet massa auctor ac\n* Nunc feugiat euismod egestas. Fusce massa metus, lobortis quis metus quis, mollis interdum lacus.\n\n* Nam porta velit eu nisi mollis volutpat. Sed condimentum faucibus sollicitudin.\n\n* Sed mauris massa, cursus sit amet urna et, aliquet lobortis magna.\n\n* Nunc faucibus dolor vel magna euismod, vel congue libero suscipit.\n\n## Aliquam malesuada, tellus eu condimentum ultricies\n\nCurabitur at est est. Sed sit amet nibh vel tortor blandit dignissim. Fusce fringilla velit ac magna lobortis porta vel in dui. Mauris eleifend urna vel nunc gravida, sit amet ultricies mi facilisis. Etiam in sagittis nisl:\n\n1. **Integer lobortis**, massa non interdum tempor, enim erat fringilla erat, a aliquet nulla urna eget erat. Quisque vitae sagittis ligula, quis pharetra libero.\n2. **Quisque eget rhoncus ligula**. Morbi lorem quam, dapibus consequat finibus id, accumsan at ligula.\n3. **Phasellus sodales nulla mi, convallis mattis nulla mollis at**. Pellentesque nisi velit, dapibus vel interdum vel, ullamcorper quis lectus.\n\n### Pellentesque ultrices, felis id consequat sagittis\n\n**_Vivamus condimentum varius egestas_**. Cras eleifend iaculis orci, nec venenatis sem fermentum eget. Sed felis ipsum, porta a enim quis, bibendum fermentum elit. Ut posuere felis sed pulvinar euismod. Donec non aliquet elit, vel sodales risus. Ut accumsan orci enim, nec posuere nisl tempus ac. Ut sapien sem, laoreet eu lorem sodales, sollicitudin ullamcorper orci. Etiam odio magna, vehicula mattis mollis sit amet, vulputate vel libero. Nulla eget quam id velit lobortis egestas. Mauris vitae magna a nibh pellentesque finibus. Fusce _gravida neque ac bibendum_ consequat. Integer dignissim sagittis lorem sit amet aliquam. Quisque massa lacus, ornare ac purus non, finibus congue turpis. Class aptent _taciti sociosqu ad litora_ torquent per conubia nostra, per inceptos himenaeos. Donec eu tellus in leo vulputate tempor. Ut leo risus, vestibulum et tempus id, accumsan nec orci.\n\nVivamus euismod dolor vitae tristique sodales. Nunc varius finibus velit eu aliquet. Donec a ipsum diam. In id rhoncus leo, vitae fermentum diam. Aliquam sodales pellentesque lectus, a tincidunt magna tincidunt nec. Interdum et malesuada fames ac ante ipsum primis in faucibus. **Phasellus ac libero vitae leo porta maximus eu varius lorem**. Sed molestie mi quis mi accumsan porta. Fusce vulputate non elit non efficitur. Fusce sed leo quis justo molestie laoreet. Donec dictum ultrices lacinia. Nam aliquam id nibh eget congue. Maecenas faucibus purus velit, ac porta ligula iaculis sed.\n\nUt vel arcu nunc. Mauris ac tempor nisi. Nam vel mollis nibh. In luctus semper est. Nam lacinia odio ut suscipit dictum. Aliquam accumsan lectus sit amet mi ultrices aliquet. Fusce eu dolor vitae arcu pretium viverra.\n\n## Nullam lectus leo, ultricies nec bibendum sed, ultrices dictum velit\n\nPraesent congue dapibus eros vitae eleifend. Suspendisse posuere lobortis tempus. In hac habitasse platea dictumst. Vestibulum a lorem bibendum, accumsan tortor id, feugiat velit. Maecenas tincidunt magna tellus, vitae tristique metus blandit auctor. Pellentesque ipsum odio, faucibus sit amet sodales nec, pharetra eget erat. In lacinia sapien quis metus eleifend, in aliquam lorem maximus.\n\nMauris vulputate orci enim, nec mollis velit placerat nec. Phasellus odio ex, maximus at felis a, egestas mattis nisi. Nullam tristique cursus tempus. Maecenas venenatis euismod nunc, vel cursus leo suscipit quis. Nullam fermentum molestie metus, ut egestas neque maximus vitae. **Vivamus tellus est, ullamcorper quis luctus id, mollis in tellus**. Aliquam tempus elit placerat dictum varius. Duis felis nulla, hendrerit nec ultrices eget, interdum varius tellus. Fusce tortor nibh, suscipit in vehicula non, vestibulum sit amet arcu. Etiam vestibulum elit vitae tellus egestas condimentum. Cras non aliquam augue. Vestibulum consequat ullamcorper eleifend. Curabitur lacinia consequat nisi, a bibendum arcu. Ut posuere massa vel ante luctus, fringilla maximus purus ultricies.\n\nNulla convallis, lorem nec volutpat rutrum, magna orci ornare urna, laoreet ultricies lacus mi sit amet est. Etiam accumsan lacus non mi mattis, non hendrerit dolor condimentum. Sed accumsan commodo mattis. Proin aliquam tristique lacus, quis porta nulla facilisis quis. Donec accumsan consectetur dui eu tristique. Vestibulum eros libero, cursus nec hendrerit sed, aliquam in ex. Proin lobortis massa non felis tincidunt laoreet.\n\n## Mauris ut euismod lacus\n\nVestibulum elementum tellus in massa bibendum tincidunt. Mauris sed fermentum ante. Nulla convallis in velit quis rhoncus. Aliquam in condimentum augue, sit amet aliquam orci. Ut faucibus commodo ante, sit amet sollicitudin eros placerat et. Nulla quis elementum sem. Nunc non dictum tortor, a aliquet nisi.\n\n### Integer sodales ultrices erat nec efficitur.\n\nNunc ultricies diam nec arcu porttitor congue. Pellentesque ipsum eros, vulputate eu egestas nec, accumsan ut erat. Praesent mi elit, pharetra nec massa et, gravida luctus felis.\n\nPraesent congue dapibus eros vitae eleifend. Suspendisse posuere lobortis tempus. In hac habitasse platea dictumst. Vestibulum a lorem bibendum, accumsan tortor id, feugiat velit. Maecenas tincidunt magna tellus, vitae tristique metus blandit auctor. Pellentesque ipsum odio, faucibus sit amet sodales nec, pharetra eget erat. In lacinia sapien quis metus eleifend, in aliquam lorem maximus.','https://res.cloudinary.com/dnkmzoohy/image/upload/v1683061263/ciudades/ostrava_onblfd.avif',3),(15,'Zlin','**Lorem ipsum dolor sit amet**, consectetur adipiscing elit. Maecenas malesuada pretium congue. Nunc at consectetur ex. Sed imperdiet ex eu magna tristique laoreet. Vestibulum at tortor mi. Sed vestibulum, neque eu porttitor ullamcorper, purus justo congue purus, **nec sollicitudin dolor arcu molestie tortor**. Pellentesque erat quam, tempus sagittis elementum et, cursus ut mi. Sed neque felis, pharetra nec velit ut, aliquet vehicula metus. Ut et laoreet lorem. Donec pulvinar at elit at dictum.\n\n## Nulla velit lectus.\n\nNunc cursus, purus lacinia sagittis porta, dolor arcu molestie elit, vitae tristique urna mauris a arcu. Donec leo purus, molestie sit amet augue vel, rutrum mattis nisl. Aenean viverra molestie lectus, ac maximus mi aliquam porttitor.\n\n* Nulla commodo porttitor sapien, eget malesuada tellus mattis eu. Aenean et porta dolor\n* Fusce nisi dui, aliquet bibendum felis at, lacinia faucibus neque\n* Donec massa est, viverra a cursus ut, semper quis quam. Vestibulum ante ipsum primis in faucibus orci luctus et ultrices posuere cubilia curae; Integer sodales maximus libero, vel imperdiet massa auctor ac\n* Nunc feugiat euismod egestas. Fusce massa metus, lobortis quis metus quis, mollis interdum lacus.\n\n* Nam porta velit eu nisi mollis volutpat. Sed condimentum faucibus sollicitudin.\n\n* Sed mauris massa, cursus sit amet urna et, aliquet lobortis magna.\n\n* Nunc faucibus dolor vel magna euismod, vel congue libero suscipit.\n\n## Aliquam malesuada, tellus eu condimentum ultricies\n\nCurabitur at est est. Sed sit amet nibh vel tortor blandit dignissim. Fusce fringilla velit ac magna lobortis porta vel in dui. Mauris eleifend urna vel nunc gravida, sit amet ultricies mi facilisis. Etiam in sagittis nisl:\n\n1. **Integer lobortis**, massa non interdum tempor, enim erat fringilla erat, a aliquet nulla urna eget erat. Quisque vitae sagittis ligula, quis pharetra libero.\n2. **Quisque eget rhoncus ligula**. Morbi lorem quam, dapibus consequat finibus id, accumsan at ligula.\n3. **Phasellus sodales nulla mi, convallis mattis nulla mollis at**. Pellentesque nisi velit, dapibus vel interdum vel, ullamcorper quis lectus.\n\n### Pellentesque ultrices, felis id consequat sagittis\n\n**_Vivamus condimentum varius egestas_**. Cras eleifend iaculis orci, nec venenatis sem fermentum eget. Sed felis ipsum, porta a enim quis, bibendum fermentum elit. Ut posuere felis sed pulvinar euismod. Donec non aliquet elit, vel sodales risus. Ut accumsan orci enim, nec posuere nisl tempus ac. Ut sapien sem, laoreet eu lorem sodales, sollicitudin ullamcorper orci. Etiam odio magna, vehicula mattis mollis sit amet, vulputate vel libero. Nulla eget quam id velit lobortis egestas. Mauris vitae magna a nibh pellentesque finibus. Fusce _gravida neque ac bibendum_ consequat. Integer dignissim sagittis lorem sit amet aliquam. Quisque massa lacus, ornare ac purus non, finibus congue turpis. Class aptent _taciti sociosqu ad litora_ torquent per conubia nostra, per inceptos himenaeos. Donec eu tellus in leo vulputate tempor. Ut leo risus, vestibulum et tempus id, accumsan nec orci.\n\nVivamus euismod dolor vitae tristique sodales. Nunc varius finibus velit eu aliquet. Donec a ipsum diam. In id rhoncus leo, vitae fermentum diam. Aliquam sodales pellentesque lectus, a tincidunt magna tincidunt nec. Interdum et malesuada fames ac ante ipsum primis in faucibus. **Phasellus ac libero vitae leo porta maximus eu varius lorem**. Sed molestie mi quis mi accumsan porta. Fusce vulputate non elit non efficitur. Fusce sed leo quis justo molestie laoreet. Donec dictum ultrices lacinia. Nam aliquam id nibh eget congue. Maecenas faucibus purus velit, ac porta ligula iaculis sed.\n\nUt vel arcu nunc. Mauris ac tempor nisi. Nam vel mollis nibh. In luctus semper est. Nam lacinia odio ut suscipit dictum. Aliquam accumsan lectus sit amet mi ultrices aliquet. Fusce eu dolor vitae arcu pretium viverra.\n\n## Nullam lectus leo, ultricies nec bibendum sed, ultrices dictum velit\n\nPraesent congue dapibus eros vitae eleifend. Suspendisse posuere lobortis tempus. In hac habitasse platea dictumst. Vestibulum a lorem bibendum, accumsan tortor id, feugiat velit. Maecenas tincidunt magna tellus, vitae tristique metus blandit auctor. Pellentesque ipsum odio, faucibus sit amet sodales nec, pharetra eget erat. In lacinia sapien quis metus eleifend, in aliquam lorem maximus.\n\nMauris vulputate orci enim, nec mollis velit placerat nec. Phasellus odio ex, maximus at felis a, egestas mattis nisi. Nullam tristique cursus tempus. Maecenas venenatis euismod nunc, vel cursus leo suscipit quis. Nullam fermentum molestie metus, ut egestas neque maximus vitae. **Vivamus tellus est, ullamcorper quis luctus id, mollis in tellus**. Aliquam tempus elit placerat dictum varius. Duis felis nulla, hendrerit nec ultrices eget, interdum varius tellus. Fusce tortor nibh, suscipit in vehicula non, vestibulum sit amet arcu. Etiam vestibulum elit vitae tellus egestas condimentum. Cras non aliquam augue. Vestibulum consequat ullamcorper eleifend. Curabitur lacinia consequat nisi, a bibendum arcu. Ut posuere massa vel ante luctus, fringilla maximus purus ultricies.\n\nNulla convallis, lorem nec volutpat rutrum, magna orci ornare urna, laoreet ultricies lacus mi sit amet est. Etiam accumsan lacus non mi mattis, non hendrerit dolor condimentum. Sed accumsan commodo mattis. Proin aliquam tristique lacus, quis porta nulla facilisis quis. Donec accumsan consectetur dui eu tristique. Vestibulum eros libero, cursus nec hendrerit sed, aliquam in ex. Proin lobortis massa non felis tincidunt laoreet.\n\n## Mauris ut euismod lacus\n\nVestibulum elementum tellus in massa bibendum tincidunt. Mauris sed fermentum ante. Nulla convallis in velit quis rhoncus. Aliquam in condimentum augue, sit amet aliquam orci. Ut faucibus commodo ante, sit amet sollicitudin eros placerat et. Nulla quis elementum sem. Nunc non dictum tortor, a aliquet nisi.\n\n### Integer sodales ultrices erat nec efficitur.\n\nNunc ultricies diam nec arcu porttitor congue. Pellentesque ipsum eros, vulputate eu egestas nec, accumsan ut erat. Praesent mi elit, pharetra nec massa et, gravida luctus felis.\n\nPraesent congue dapibus eros vitae eleifend. Suspendisse posuere lobortis tempus. In hac habitasse platea dictumst. Vestibulum a lorem bibendum, accumsan tortor id, feugiat velit. Maecenas tincidunt magna tellus, vitae tristique metus blandit auctor. Pellentesque ipsum odio, faucibus sit amet sodales nec, pharetra eget erat. In lacinia sapien quis metus eleifend, in aliquam lorem maximus.','https://res.cloudinary.com/dnkmzoohy/image/upload/v1674255860/ciudades/zlin_bht5i5.jpg',3),(16,'Olomouc','**Lorem ipsum dolor sit amet**, consectetur adipiscing elit. Maecenas malesuada pretium congue. Nunc at consectetur ex. Sed imperdiet ex eu magna tristique laoreet. Vestibulum at tortor mi. Sed vestibulum, neque eu porttitor ullamcorper, purus justo congue purus, **nec sollicitudin dolor arcu molestie tortor**. Pellentesque erat quam, tempus sagittis elementum et, cursus ut mi. Sed neque felis, pharetra nec velit ut, aliquet vehicula metus. Ut et laoreet lorem. Donec pulvinar at elit at dictum.\n\n## Nulla velit lectus.\n\nNunc cursus, purus lacinia sagittis porta, dolor arcu molestie elit, vitae tristique urna mauris a arcu. Donec leo purus, molestie sit amet augue vel, rutrum mattis nisl. Aenean viverra molestie lectus, ac maximus mi aliquam porttitor.\n\n* Nulla commodo porttitor sapien, eget malesuada tellus mattis eu. Aenean et porta dolor\n* Fusce nisi dui, aliquet bibendum felis at, lacinia faucibus neque\n* Donec massa est, viverra a cursus ut, semper quis quam. Vestibulum ante ipsum primis in faucibus orci luctus et ultrices posuere cubilia curae; Integer sodales maximus libero, vel imperdiet massa auctor ac\n* Nunc feugiat euismod egestas. Fusce massa metus, lobortis quis metus quis, mollis interdum lacus.\n\n* Nam porta velit eu nisi mollis volutpat. Sed condimentum faucibus sollicitudin.\n\n* Sed mauris massa, cursus sit amet urna et, aliquet lobortis magna.\n\n* Nunc faucibus dolor vel magna euismod, vel congue libero suscipit.\n\n## Aliquam malesuada, tellus eu condimentum ultricies\n\nCurabitur at est est. Sed sit amet nibh vel tortor blandit dignissim. Fusce fringilla velit ac magna lobortis porta vel in dui. Mauris eleifend urna vel nunc gravida, sit amet ultricies mi facilisis. Etiam in sagittis nisl:\n\n1. **Integer lobortis**, massa non interdum tempor, enim erat fringilla erat, a aliquet nulla urna eget erat. Quisque vitae sagittis ligula, quis pharetra libero.\n2. **Quisque eget rhoncus ligula**. Morbi lorem quam, dapibus consequat finibus id, accumsan at ligula.\n3. **Phasellus sodales nulla mi, convallis mattis nulla mollis at**. Pellentesque nisi velit, dapibus vel interdum vel, ullamcorper quis lectus.\n\n### Pellentesque ultrices, felis id consequat sagittis\n\n**_Vivamus condimentum varius egestas_**. Cras eleifend iaculis orci, nec venenatis sem fermentum eget. Sed felis ipsum, porta a enim quis, bibendum fermentum elit. Ut posuere felis sed pulvinar euismod. Donec non aliquet elit, vel sodales risus. Ut accumsan orci enim, nec posuere nisl tempus ac. Ut sapien sem, laoreet eu lorem sodales, sollicitudin ullamcorper orci. Etiam odio magna, vehicula mattis mollis sit amet, vulputate vel libero. Nulla eget quam id velit lobortis egestas. Mauris vitae magna a nibh pellentesque finibus. Fusce _gravida neque ac bibendum_ consequat. Integer dignissim sagittis lorem sit amet aliquam. Quisque massa lacus, ornare ac purus non, finibus congue turpis. Class aptent _taciti sociosqu ad litora_ torquent per conubia nostra, per inceptos himenaeos. Donec eu tellus in leo vulputate tempor. Ut leo risus, vestibulum et tempus id, accumsan nec orci.\n\nVivamus euismod dolor vitae tristique sodales. Nunc varius finibus velit eu aliquet. Donec a ipsum diam. In id rhoncus leo, vitae fermentum diam. Aliquam sodales pellentesque lectus, a tincidunt magna tincidunt nec. Interdum et malesuada fames ac ante ipsum primis in faucibus. **Phasellus ac libero vitae leo porta maximus eu varius lorem**. Sed molestie mi quis mi accumsan porta. Fusce vulputate non elit non efficitur. Fusce sed leo quis justo molestie laoreet. Donec dictum ultrices lacinia. Nam aliquam id nibh eget congue. Maecenas faucibus purus velit, ac porta ligula iaculis sed.\n\nUt vel arcu nunc. Mauris ac tempor nisi. Nam vel mollis nibh. In luctus semper est. Nam lacinia odio ut suscipit dictum. Aliquam accumsan lectus sit amet mi ultrices aliquet. Fusce eu dolor vitae arcu pretium viverra.\n\n## Nullam lectus leo, ultricies nec bibendum sed, ultrices dictum velit\n\nPraesent congue dapibus eros vitae eleifend. Suspendisse posuere lobortis tempus. In hac habitasse platea dictumst. Vestibulum a lorem bibendum, accumsan tortor id, feugiat velit. Maecenas tincidunt magna tellus, vitae tristique metus blandit auctor. Pellentesque ipsum odio, faucibus sit amet sodales nec, pharetra eget erat. In lacinia sapien quis metus eleifend, in aliquam lorem maximus.\n\nMauris vulputate orci enim, nec mollis velit placerat nec. Phasellus odio ex, maximus at felis a, egestas mattis nisi. Nullam tristique cursus tempus. Maecenas venenatis euismod nunc, vel cursus leo suscipit quis. Nullam fermentum molestie metus, ut egestas neque maximus vitae. **Vivamus tellus est, ullamcorper quis luctus id, mollis in tellus**. Aliquam tempus elit placerat dictum varius. Duis felis nulla, hendrerit nec ultrices eget, interdum varius tellus. Fusce tortor nibh, suscipit in vehicula non, vestibulum sit amet arcu. Etiam vestibulum elit vitae tellus egestas condimentum. Cras non aliquam augue. Vestibulum consequat ullamcorper eleifend. Curabitur lacinia consequat nisi, a bibendum arcu. Ut posuere massa vel ante luctus, fringilla maximus purus ultricies.\n\nNulla convallis, lorem nec volutpat rutrum, magna orci ornare urna, laoreet ultricies lacus mi sit amet est. Etiam accumsan lacus non mi mattis, non hendrerit dolor condimentum. Sed accumsan commodo mattis. Proin aliquam tristique lacus, quis porta nulla facilisis quis. Donec accumsan consectetur dui eu tristique. Vestibulum eros libero, cursus nec hendrerit sed, aliquam in ex. Proin lobortis massa non felis tincidunt laoreet.\n\n## Mauris ut euismod lacus\n\nVestibulum elementum tellus in massa bibendum tincidunt. Mauris sed fermentum ante. Nulla convallis in velit quis rhoncus. Aliquam in condimentum augue, sit amet aliquam orci. Ut faucibus commodo ante, sit amet sollicitudin eros placerat et. Nulla quis elementum sem. Nunc non dictum tortor, a aliquet nisi.\n\n### Integer sodales ultrices erat nec efficitur.\n\nNunc ultricies diam nec arcu porttitor congue. Pellentesque ipsum eros, vulputate eu egestas nec, accumsan ut erat. Praesent mi elit, pharetra nec massa et, gravida luctus felis.\n\nPraesent congue dapibus eros vitae eleifend. Suspendisse posuere lobortis tempus. In hac habitasse platea dictumst. Vestibulum a lorem bibendum, accumsan tortor id, feugiat velit. Maecenas tincidunt magna tellus, vitae tristique metus blandit auctor. Pellentesque ipsum odio, faucibus sit amet sodales nec, pharetra eget erat. In lacinia sapien quis metus eleifend, in aliquam lorem maximus.','https://res.cloudinary.com/dnkmzoohy/image/upload/v1683061062/ciudades/olomouc_rczlqj.jpg',3),(17,'Pardubice','**Lorem ipsum dolor sit amet**, consectetur adipiscing elit. Maecenas malesuada pretium congue. Nunc at consectetur ex. Sed imperdiet ex eu magna tristique laoreet. Vestibulum at tortor mi. Sed vestibulum, neque eu porttitor ullamcorper, purus justo congue purus, **nec sollicitudin dolor arcu molestie tortor**. Pellentesque erat quam, tempus sagittis elementum et, cursus ut mi. Sed neque felis, pharetra nec velit ut, aliquet vehicula metus. Ut et laoreet lorem. Donec pulvinar at elit at dictum.\n\n## Nulla velit lectus.\n\nNunc cursus, purus lacinia sagittis porta, dolor arcu molestie elit, vitae tristique urna mauris a arcu. Donec leo purus, molestie sit amet augue vel, rutrum mattis nisl. Aenean viverra molestie lectus, ac maximus mi aliquam porttitor.\n\n* Nulla commodo porttitor sapien, eget malesuada tellus mattis eu. Aenean et porta dolor\n* Fusce nisi dui, aliquet bibendum felis at, lacinia faucibus neque\n* Donec massa est, viverra a cursus ut, semper quis quam. Vestibulum ante ipsum primis in faucibus orci luctus et ultrices posuere cubilia curae; Integer sodales maximus libero, vel imperdiet massa auctor ac\n* Nunc feugiat euismod egestas. Fusce massa metus, lobortis quis metus quis, mollis interdum lacus.\n\n* Nam porta velit eu nisi mollis volutpat. Sed condimentum faucibus sollicitudin.\n\n* Sed mauris massa, cursus sit amet urna et, aliquet lobortis magna.\n\n* Nunc faucibus dolor vel magna euismod, vel congue libero suscipit.\n\n## Aliquam malesuada, tellus eu condimentum ultricies\n\nCurabitur at est est. Sed sit amet nibh vel tortor blandit dignissim. Fusce fringilla velit ac magna lobortis porta vel in dui. Mauris eleifend urna vel nunc gravida, sit amet ultricies mi facilisis. Etiam in sagittis nisl:\n\n1. **Integer lobortis**, massa non interdum tempor, enim erat fringilla erat, a aliquet nulla urna eget erat. Quisque vitae sagittis ligula, quis pharetra libero.\n2. **Quisque eget rhoncus ligula**. Morbi lorem quam, dapibus consequat finibus id, accumsan at ligula.\n3. **Phasellus sodales nulla mi, convallis mattis nulla mollis at**. Pellentesque nisi velit, dapibus vel interdum vel, ullamcorper quis lectus.\n\n### Pellentesque ultrices, felis id consequat sagittis\n\n**_Vivamus condimentum varius egestas_**. Cras eleifend iaculis orci, nec venenatis sem fermentum eget. Sed felis ipsum, porta a enim quis, bibendum fermentum elit. Ut posuere felis sed pulvinar euismod. Donec non aliquet elit, vel sodales risus. Ut accumsan orci enim, nec posuere nisl tempus ac. Ut sapien sem, laoreet eu lorem sodales, sollicitudin ullamcorper orci. Etiam odio magna, vehicula mattis mollis sit amet, vulputate vel libero. Nulla eget quam id velit lobortis egestas. Mauris vitae magna a nibh pellentesque finibus. Fusce _gravida neque ac bibendum_ consequat. Integer dignissim sagittis lorem sit amet aliquam. Quisque massa lacus, ornare ac purus non, finibus congue turpis. Class aptent _taciti sociosqu ad litora_ torquent per conubia nostra, per inceptos himenaeos. Donec eu tellus in leo vulputate tempor. Ut leo risus, vestibulum et tempus id, accumsan nec orci.\n\nVivamus euismod dolor vitae tristique sodales. Nunc varius finibus velit eu aliquet. Donec a ipsum diam. In id rhoncus leo, vitae fermentum diam. Aliquam sodales pellentesque lectus, a tincidunt magna tincidunt nec. Interdum et malesuada fames ac ante ipsum primis in faucibus. **Phasellus ac libero vitae leo porta maximus eu varius lorem**. Sed molestie mi quis mi accumsan porta. Fusce vulputate non elit non efficitur. Fusce sed leo quis justo molestie laoreet. Donec dictum ultrices lacinia. Nam aliquam id nibh eget congue. Maecenas faucibus purus velit, ac porta ligula iaculis sed.\n\nUt vel arcu nunc. Mauris ac tempor nisi. Nam vel mollis nibh. In luctus semper est. Nam lacinia odio ut suscipit dictum. Aliquam accumsan lectus sit amet mi ultrices aliquet. Fusce eu dolor vitae arcu pretium viverra.\n\n## Nullam lectus leo, ultricies nec bibendum sed, ultrices dictum velit\n\nPraesent congue dapibus eros vitae eleifend. Suspendisse posuere lobortis tempus. In hac habitasse platea dictumst. Vestibulum a lorem bibendum, accumsan tortor id, feugiat velit. Maecenas tincidunt magna tellus, vitae tristique metus blandit auctor. Pellentesque ipsum odio, faucibus sit amet sodales nec, pharetra eget erat. In lacinia sapien quis metus eleifend, in aliquam lorem maximus.\n\nMauris vulputate orci enim, nec mollis velit placerat nec. Phasellus odio ex, maximus at felis a, egestas mattis nisi. Nullam tristique cursus tempus. Maecenas venenatis euismod nunc, vel cursus leo suscipit quis. Nullam fermentum molestie metus, ut egestas neque maximus vitae. **Vivamus tellus est, ullamcorper quis luctus id, mollis in tellus**. Aliquam tempus elit placerat dictum varius. Duis felis nulla, hendrerit nec ultrices eget, interdum varius tellus. Fusce tortor nibh, suscipit in vehicula non, vestibulum sit amet arcu. Etiam vestibulum elit vitae tellus egestas condimentum. Cras non aliquam augue. Vestibulum consequat ullamcorper eleifend. Curabitur lacinia consequat nisi, a bibendum arcu. Ut posuere massa vel ante luctus, fringilla maximus purus ultricies.\n\nNulla convallis, lorem nec volutpat rutrum, magna orci ornare urna, laoreet ultricies lacus mi sit amet est. Etiam accumsan lacus non mi mattis, non hendrerit dolor condimentum. Sed accumsan commodo mattis. Proin aliquam tristique lacus, quis porta nulla facilisis quis. Donec accumsan consectetur dui eu tristique. Vestibulum eros libero, cursus nec hendrerit sed, aliquam in ex. Proin lobortis massa non felis tincidunt laoreet.\n\n## Mauris ut euismod lacus\n\nVestibulum elementum tellus in massa bibendum tincidunt. Mauris sed fermentum ante. Nulla convallis in velit quis rhoncus. Aliquam in condimentum augue, sit amet aliquam orci. Ut faucibus commodo ante, sit amet sollicitudin eros placerat et. Nulla quis elementum sem. Nunc non dictum tortor, a aliquet nisi.\n\n### Integer sodales ultrices erat nec efficitur.\n\nNunc ultricies diam nec arcu porttitor congue. Pellentesque ipsum eros, vulputate eu egestas nec, accumsan ut erat. Praesent mi elit, pharetra nec massa et, gravida luctus felis.\n\nPraesent congue dapibus eros vitae eleifend. Suspendisse posuere lobortis tempus. In hac habitasse platea dictumst. Vestibulum a lorem bibendum, accumsan tortor id, feugiat velit. Maecenas tincidunt magna tellus, vitae tristique metus blandit auctor. Pellentesque ipsum odio, faucibus sit amet sodales nec, pharetra eget erat. In lacinia sapien quis metus eleifend, in aliquam lorem maximus.','https://res.cloudinary.com/dnkmzoohy/image/upload/v1674255867/ciudades/pardubice_m9iwd2.jpg',3),(18,'Ústí nad Labem','**Lorem ipsum dolor sit amet**, consectetur adipiscing elit. Maecenas malesuada pretium congue. Nunc at consectetur ex. Sed imperdiet ex eu magna tristique laoreet. Vestibulum at tortor mi. Sed vestibulum, neque eu porttitor ullamcorper, purus justo congue purus, **nec sollicitudin dolor arcu molestie tortor**. Pellentesque erat quam, tempus sagittis elementum et, cursus ut mi. Sed neque felis, pharetra nec velit ut, aliquet vehicula metus. Ut et laoreet lorem. Donec pulvinar at elit at dictum.\n\n## Nulla velit lectus.\n\nNunc cursus, purus lacinia sagittis porta, dolor arcu molestie elit, vitae tristique urna mauris a arcu. Donec leo purus, molestie sit amet augue vel, rutrum mattis nisl. Aenean viverra molestie lectus, ac maximus mi aliquam porttitor.\n\n* Nulla commodo porttitor sapien, eget malesuada tellus mattis eu. Aenean et porta dolor\n* Fusce nisi dui, aliquet bibendum felis at, lacinia faucibus neque\n* Donec massa est, viverra a cursus ut, semper quis quam. Vestibulum ante ipsum primis in faucibus orci luctus et ultrices posuere cubilia curae; Integer sodales maximus libero, vel imperdiet massa auctor ac\n* Nunc feugiat euismod egestas. Fusce massa metus, lobortis quis metus quis, mollis interdum lacus.\n\n* Nam porta velit eu nisi mollis volutpat. Sed condimentum faucibus sollicitudin.\n\n* Sed mauris massa, cursus sit amet urna et, aliquet lobortis magna.\n\n* Nunc faucibus dolor vel magna euismod, vel congue libero suscipit.\n\n## Aliquam malesuada, tellus eu condimentum ultricies\n\nCurabitur at est est. Sed sit amet nibh vel tortor blandit dignissim. Fusce fringilla velit ac magna lobortis porta vel in dui. Mauris eleifend urna vel nunc gravida, sit amet ultricies mi facilisis. Etiam in sagittis nisl:\n\n1. **Integer lobortis**, massa non interdum tempor, enim erat fringilla erat, a aliquet nulla urna eget erat. Quisque vitae sagittis ligula, quis pharetra libero.\n2. **Quisque eget rhoncus ligula**. Morbi lorem quam, dapibus consequat finibus id, accumsan at ligula.\n3. **Phasellus sodales nulla mi, convallis mattis nulla mollis at**. Pellentesque nisi velit, dapibus vel interdum vel, ullamcorper quis lectus.\n\n### Pellentesque ultrices, felis id consequat sagittis\n\n**_Vivamus condimentum varius egestas_**. Cras eleifend iaculis orci, nec venenatis sem fermentum eget. Sed felis ipsum, porta a enim quis, bibendum fermentum elit. Ut posuere felis sed pulvinar euismod. Donec non aliquet elit, vel sodales risus. Ut accumsan orci enim, nec posuere nisl tempus ac. Ut sapien sem, laoreet eu lorem sodales, sollicitudin ullamcorper orci. Etiam odio magna, vehicula mattis mollis sit amet, vulputate vel libero. Nulla eget quam id velit lobortis egestas. Mauris vitae magna a nibh pellentesque finibus. Fusce _gravida neque ac bibendum_ consequat. Integer dignissim sagittis lorem sit amet aliquam. Quisque massa lacus, ornare ac purus non, finibus congue turpis. Class aptent _taciti sociosqu ad litora_ torquent per conubia nostra, per inceptos himenaeos. Donec eu tellus in leo vulputate tempor. Ut leo risus, vestibulum et tempus id, accumsan nec orci.\n\nVivamus euismod dolor vitae tristique sodales. Nunc varius finibus velit eu aliquet. Donec a ipsum diam. In id rhoncus leo, vitae fermentum diam. Aliquam sodales pellentesque lectus, a tincidunt magna tincidunt nec. Interdum et malesuada fames ac ante ipsum primis in faucibus. **Phasellus ac libero vitae leo porta maximus eu varius lorem**. Sed molestie mi quis mi accumsan porta. Fusce vulputate non elit non efficitur. Fusce sed leo quis justo molestie laoreet. Donec dictum ultrices lacinia. Nam aliquam id nibh eget congue. Maecenas faucibus purus velit, ac porta ligula iaculis sed.\n\nUt vel arcu nunc. Mauris ac tempor nisi. Nam vel mollis nibh. In luctus semper est. Nam lacinia odio ut suscipit dictum. Aliquam accumsan lectus sit amet mi ultrices aliquet. Fusce eu dolor vitae arcu pretium viverra.\n\n## Nullam lectus leo, ultricies nec bibendum sed, ultrices dictum velit\n\nPraesent congue dapibus eros vitae eleifend. Suspendisse posuere lobortis tempus. In hac habitasse platea dictumst. Vestibulum a lorem bibendum, accumsan tortor id, feugiat velit. Maecenas tincidunt magna tellus, vitae tristique metus blandit auctor. Pellentesque ipsum odio, faucibus sit amet sodales nec, pharetra eget erat. In lacinia sapien quis metus eleifend, in aliquam lorem maximus.\n\nMauris vulputate orci enim, nec mollis velit placerat nec. Phasellus odio ex, maximus at felis a, egestas mattis nisi. Nullam tristique cursus tempus. Maecenas venenatis euismod nunc, vel cursus leo suscipit quis. Nullam fermentum molestie metus, ut egestas neque maximus vitae. **Vivamus tellus est, ullamcorper quis luctus id, mollis in tellus**. Aliquam tempus elit placerat dictum varius. Duis felis nulla, hendrerit nec ultrices eget, interdum varius tellus. Fusce tortor nibh, suscipit in vehicula non, vestibulum sit amet arcu. Etiam vestibulum elit vitae tellus egestas condimentum. Cras non aliquam augue. Vestibulum consequat ullamcorper eleifend. Curabitur lacinia consequat nisi, a bibendum arcu. Ut posuere massa vel ante luctus, fringilla maximus purus ultricies.\n\nNulla convallis, lorem nec volutpat rutrum, magna orci ornare urna, laoreet ultricies lacus mi sit amet est. Etiam accumsan lacus non mi mattis, non hendrerit dolor condimentum. Sed accumsan commodo mattis. Proin aliquam tristique lacus, quis porta nulla facilisis quis. Donec accumsan consectetur dui eu tristique. Vestibulum eros libero, cursus nec hendrerit sed, aliquam in ex. Proin lobortis massa non felis tincidunt laoreet.\n\n## Mauris ut euismod lacus\n\nVestibulum elementum tellus in massa bibendum tincidunt. Mauris sed fermentum ante. Nulla convallis in velit quis rhoncus. Aliquam in condimentum augue, sit amet aliquam orci. Ut faucibus commodo ante, sit amet sollicitudin eros placerat et. Nulla quis elementum sem. Nunc non dictum tortor, a aliquet nisi.\n\n### Integer sodales ultrices erat nec efficitur.\n\nNunc ultricies diam nec arcu porttitor congue. Pellentesque ipsum eros, vulputate eu egestas nec, accumsan ut erat. Praesent mi elit, pharetra nec massa et, gravida luctus felis.\n\nPraesent congue dapibus eros vitae eleifend. Suspendisse posuere lobortis tempus. In hac habitasse platea dictumst. Vestibulum a lorem bibendum, accumsan tortor id, feugiat velit. Maecenas tincidunt magna tellus, vitae tristique metus blandit auctor. Pellentesque ipsum odio, faucibus sit amet sodales nec, pharetra eget erat. In lacinia sapien quis metus eleifend, in aliquam lorem maximus.','https://res.cloudinary.com/dnkmzoohy/image/upload/v1674255867/ciudades/usti-nad-labem_q5ssxw.jpg',3),(19,'Ceske Budejovice','**Lorem ipsum dolor sit amet**, consectetur adipiscing elit. Maecenas malesuada pretium congue. Nunc at consectetur ex. Sed imperdiet ex eu magna tristique laoreet. Vestibulum at tortor mi. Sed vestibulum, neque eu porttitor ullamcorper, purus justo congue purus, **nec sollicitudin dolor arcu molestie tortor**. Pellentesque erat quam, tempus sagittis elementum et, cursus ut mi. Sed neque felis, pharetra nec velit ut, aliquet vehicula metus. Ut et laoreet lorem. Donec pulvinar at elit at dictum.\n\n## Nulla velit lectus.\n\nNunc cursus, purus lacinia sagittis porta, dolor arcu molestie elit, vitae tristique urna mauris a arcu. Donec leo purus, molestie sit amet augue vel, rutrum mattis nisl. Aenean viverra molestie lectus, ac maximus mi aliquam porttitor.\n\n* Nulla commodo porttitor sapien, eget malesuada tellus mattis eu. Aenean et porta dolor\n* Fusce nisi dui, aliquet bibendum felis at, lacinia faucibus neque\n* Donec massa est, viverra a cursus ut, semper quis quam. Vestibulum ante ipsum primis in faucibus orci luctus et ultrices posuere cubilia curae; Integer sodales maximus libero, vel imperdiet massa auctor ac\n* Nunc feugiat euismod egestas. Fusce massa metus, lobortis quis metus quis, mollis interdum lacus.\n\n* Nam porta velit eu nisi mollis volutpat. Sed condimentum faucibus sollicitudin.\n\n* Sed mauris massa, cursus sit amet urna et, aliquet lobortis magna.\n\n* Nunc faucibus dolor vel magna euismod, vel congue libero suscipit.\n\n## Aliquam malesuada, tellus eu condimentum ultricies\n\nCurabitur at est est. Sed sit amet nibh vel tortor blandit dignissim. Fusce fringilla velit ac magna lobortis porta vel in dui. Mauris eleifend urna vel nunc gravida, sit amet ultricies mi facilisis. Etiam in sagittis nisl:\n\n1. **Integer lobortis**, massa non interdum tempor, enim erat fringilla erat, a aliquet nulla urna eget erat. Quisque vitae sagittis ligula, quis pharetra libero.\n2. **Quisque eget rhoncus ligula**. Morbi lorem quam, dapibus consequat finibus id, accumsan at ligula.\n3. **Phasellus sodales nulla mi, convallis mattis nulla mollis at**. Pellentesque nisi velit, dapibus vel interdum vel, ullamcorper quis lectus.\n\n### Pellentesque ultrices, felis id consequat sagittis\n\n**_Vivamus condimentum varius egestas_**. Cras eleifend iaculis orci, nec venenatis sem fermentum eget. Sed felis ipsum, porta a enim quis, bibendum fermentum elit. Ut posuere felis sed pulvinar euismod. Donec non aliquet elit, vel sodales risus. Ut accumsan orci enim, nec posuere nisl tempus ac. Ut sapien sem, laoreet eu lorem sodales, sollicitudin ullamcorper orci. Etiam odio magna, vehicula mattis mollis sit amet, vulputate vel libero. Nulla eget quam id velit lobortis egestas. Mauris vitae magna a nibh pellentesque finibus. Fusce _gravida neque ac bibendum_ consequat. Integer dignissim sagittis lorem sit amet aliquam. Quisque massa lacus, ornare ac purus non, finibus congue turpis. Class aptent _taciti sociosqu ad litora_ torquent per conubia nostra, per inceptos himenaeos. Donec eu tellus in leo vulputate tempor. Ut leo risus, vestibulum et tempus id, accumsan nec orci.\n\nVivamus euismod dolor vitae tristique sodales. Nunc varius finibus velit eu aliquet. Donec a ipsum diam. In id rhoncus leo, vitae fermentum diam. Aliquam sodales pellentesque lectus, a tincidunt magna tincidunt nec. Interdum et malesuada fames ac ante ipsum primis in faucibus. **Phasellus ac libero vitae leo porta maximus eu varius lorem**. Sed molestie mi quis mi accumsan porta. Fusce vulputate non elit non efficitur. Fusce sed leo quis justo molestie laoreet. Donec dictum ultrices lacinia. Nam aliquam id nibh eget congue. Maecenas faucibus purus velit, ac porta ligula iaculis sed.\n\nUt vel arcu nunc. Mauris ac tempor nisi. Nam vel mollis nibh. In luctus semper est. Nam lacinia odio ut suscipit dictum. Aliquam accumsan lectus sit amet mi ultrices aliquet. Fusce eu dolor vitae arcu pretium viverra.\n\n## Nullam lectus leo, ultricies nec bibendum sed, ultrices dictum velit\n\nPraesent congue dapibus eros vitae eleifend. Suspendisse posuere lobortis tempus. In hac habitasse platea dictumst. Vestibulum a lorem bibendum, accumsan tortor id, feugiat velit. Maecenas tincidunt magna tellus, vitae tristique metus blandit auctor. Pellentesque ipsum odio, faucibus sit amet sodales nec, pharetra eget erat. In lacinia sapien quis metus eleifend, in aliquam lorem maximus.\n\nMauris vulputate orci enim, nec mollis velit placerat nec. Phasellus odio ex, maximus at felis a, egestas mattis nisi. Nullam tristique cursus tempus. Maecenas venenatis euismod nunc, vel cursus leo suscipit quis. Nullam fermentum molestie metus, ut egestas neque maximus vitae. **Vivamus tellus est, ullamcorper quis luctus id, mollis in tellus**. Aliquam tempus elit placerat dictum varius. Duis felis nulla, hendrerit nec ultrices eget, interdum varius tellus. Fusce tortor nibh, suscipit in vehicula non, vestibulum sit amet arcu. Etiam vestibulum elit vitae tellus egestas condimentum. Cras non aliquam augue. Vestibulum consequat ullamcorper eleifend. Curabitur lacinia consequat nisi, a bibendum arcu. Ut posuere massa vel ante luctus, fringilla maximus purus ultricies.\n\nNulla convallis, lorem nec volutpat rutrum, magna orci ornare urna, laoreet ultricies lacus mi sit amet est. Etiam accumsan lacus non mi mattis, non hendrerit dolor condimentum. Sed accumsan commodo mattis. Proin aliquam tristique lacus, quis porta nulla facilisis quis. Donec accumsan consectetur dui eu tristique. Vestibulum eros libero, cursus nec hendrerit sed, aliquam in ex. Proin lobortis massa non felis tincidunt laoreet.\n\n## Mauris ut euismod lacus\n\nVestibulum elementum tellus in massa bibendum tincidunt. Mauris sed fermentum ante. Nulla convallis in velit quis rhoncus. Aliquam in condimentum augue, sit amet aliquam orci. Ut faucibus commodo ante, sit amet sollicitudin eros placerat et. Nulla quis elementum sem. Nunc non dictum tortor, a aliquet nisi.\n\n### Integer sodales ultrices erat nec efficitur.\n\nNunc ultricies diam nec arcu porttitor congue. Pellentesque ipsum eros, vulputate eu egestas nec, accumsan ut erat. Praesent mi elit, pharetra nec massa et, gravida luctus felis.\n\nPraesent congue dapibus eros vitae eleifend. Suspendisse posuere lobortis tempus. In hac habitasse platea dictumst. Vestibulum a lorem bibendum, accumsan tortor id, feugiat velit. Maecenas tincidunt magna tellus, vitae tristique metus blandit auctor. Pellentesque ipsum odio, faucibus sit amet sodales nec, pharetra eget erat. In lacinia sapien quis metus eleifend, in aliquam lorem maximus.','https://res.cloudinary.com/dnkmzoohy/image/upload/v1674255867/ciudades/ceske-budejovice_qzocns.jpg',3);
/*!40000 ALTER TABLE `ciudad` ENABLE KEYS */;
UNLOCK TABLES;

--
-- Table structure for table `comentario`
--

DROP TABLE IF EXISTS `comentario`;
/*!40101 SET @saved_cs_client     = @@character_set_client */;
/*!50503 SET character_set_client = utf8mb4 */;
CREATE TABLE `comentario` (
  `idComentario` int NOT NULL AUTO_INCREMENT,
  `descripcion` varchar(180) NOT NULL,
  `fecha` datetime NOT NULL DEFAULT CURRENT_TIMESTAMP,
  `usuario_idUsuario` int NOT NULL,
  PRIMARY KEY (`idComentario`),
  KEY `fk_comentario_usuario1_idx` (`usuario_idUsuario`),
  CONSTRAINT `fk_comentario_usuario1` FOREIGN KEY (`usuario_idUsuario`) REFERENCES `usuario` (`idUsuario`) ON DELETE CASCADE
) ENGINE=InnoDB AUTO_INCREMENT=22 DEFAULT CHARSET=utf8mb4 COLLATE=utf8mb4_0900_ai_ci;
/*!40101 SET character_set_client = @saved_cs_client */;

--
-- Dumping data for table `comentario`
--

LOCK TABLES `comentario` WRITE;
/*!40000 ALTER TABLE `comentario` DISABLE KEYS */;
INSERT INTO `comentario` VALUES (1,'Me gusta muchisimo este artículo','2022-12-07 15:44:55',19),(7,'¡Increible aportacion! De lo mejorcito que he escrito','2022-12-14 17:05:07',19),(8,'Una asignatura muy interesante pero algo pesada. El profesor 10/10, un grande','2023-02-05 12:57:53',3),(10,'Se me olvidó añadir que felicitaciones al autor por la currada hehe','2023-03-27 00:43:19',19),(11,'Gracias por los consejos','2023-03-27 01:23:18',5),(12,'No me ha servido de nada, aun así gracias','2023-03-27 18:55:59',6),(13,'Para este tipo de artículo, que el autor se dedique a otra cosa sinceramente','2023-03-27 18:56:24',1),(14,'Gracias por los tips, los tendré en cuenta para cuando termine de arreglar el papeleo.','2023-03-27 18:56:34',3),(15,'Justo estaba buscando información útil sobre Polonia, muchas gracias :)','2023-03-27 18:56:58',4),(16,'Gracias a este artículo tengo ganas de visitar Polonia y encima no tengo que planificar el viaje, ¡todo ventajas!','2023-04-07 20:34:25',2),(17,'Para mi gusto es mejorable, el temario deja mucho que desear. Aun así, el profesor hace que ir a clase no sea un desperdicio de tiempo.','2023-05-02 17:21:04',5),(18,'Muy aburrida','2023-05-02 18:22:17',6),(19,'No está mal, pero hay muchas opciones mejores','2023-05-02 22:35:53',19),(20,'No entiendo los votos positivos, a mi no me ha gustado nada >:(','2023-05-02 22:41:55',19),(21,'buen articulo','2023-05-03 19:27:23',19);
/*!40000 ALTER TABLE `comentario` ENABLE KEYS */;
UNLOCK TABLES;

--
-- Table structure for table `comentarioarticulo`
--

DROP TABLE IF EXISTS `comentarioarticulo`;
/*!40101 SET @saved_cs_client     = @@character_set_client */;
/*!50503 SET character_set_client = utf8mb4 */;
CREATE TABLE `comentarioarticulo` (
  `comentario_idComentario` int NOT NULL,
  `articulo_idArticulo` int NOT NULL,
  PRIMARY KEY (`comentario_idComentario`,`articulo_idArticulo`),
  KEY `fk_comentarioarticulo_articulo1_idx` (`articulo_idArticulo`),
  CONSTRAINT `fk_comentarioarticulo_articulo1` FOREIGN KEY (`articulo_idArticulo`) REFERENCES `articulo` (`idArticulo`) ON DELETE CASCADE ON UPDATE RESTRICT,
  CONSTRAINT `fk_comentarioarticulo_comentario1` FOREIGN KEY (`comentario_idComentario`) REFERENCES `comentario` (`idComentario`) ON DELETE CASCADE ON UPDATE RESTRICT
) ENGINE=InnoDB DEFAULT CHARSET=utf8mb4 COLLATE=utf8mb4_0900_ai_ci;
/*!40101 SET character_set_client = @saved_cs_client */;

--
-- Dumping data for table `comentarioarticulo`
--

LOCK TABLES `comentarioarticulo` WRITE;
/*!40000 ALTER TABLE `comentarioarticulo` DISABLE KEYS */;
INSERT INTO `comentarioarticulo` VALUES (7,1),(10,1),(11,1),(12,1),(13,1),(14,1),(15,1),(16,1),(21,2);
/*!40000 ALTER TABLE `comentarioarticulo` ENABLE KEYS */;
UNLOCK TABLES;

--
-- Table structure for table `facultad`
--

DROP TABLE IF EXISTS `facultad`;
/*!40101 SET @saved_cs_client     = @@character_set_client */;
/*!50503 SET character_set_client = utf8mb4 */;
CREATE TABLE `facultad` (
  `idfacultad` int NOT NULL AUTO_INCREMENT,
  `nombre` varchar(150) NOT NULL,
  `universidad_idUniversidad` int NOT NULL,
  PRIMARY KEY (`idfacultad`),
  KEY `fk_facultad_universidad1_idx` (`universidad_idUniversidad`),
  CONSTRAINT `fk_facultad_universidad1` FOREIGN KEY (`universidad_idUniversidad`) REFERENCES `universidad` (`idUniversidad`) ON DELETE CASCADE
) ENGINE=InnoDB AUTO_INCREMENT=16 DEFAULT CHARSET=utf8mb4 COLLATE=utf8mb4_0900_ai_ci;
/*!40101 SET character_set_client = @saved_cs_client */;

--
-- Dumping data for table `facultad`
--

LOCK TABLES `facultad` WRITE;
/*!40000 ALTER TABLE `facultad` DISABLE KEYS */;
INSERT INTO `facultad` VALUES (1,'Facultad de Electrónica',1),(2,'Facultad de Arte',2),(3,'Facultad de Química',3),(4,'Facultad de Tecnologías de la Información',3),(5,'Facultad de Arquitectura',3),(6,'Facultad de Ingeniería Civil',3),(7,'Facultad de Ingeniería Mecánica',3),(9,'Facultad de Bellas Artes',3),(10,'Instituto de Ingeniería Forense',3),(11,'Facultad de Ingeniería Eléctrica y Comunicación',3),(12,'Facultad de Ciencias Empresariales y Gestión',3),(13,'Centro de Actividades Deportivas',3);
/*!40000 ALTER TABLE `facultad` ENABLE KEYS */;
UNLOCK TABLES;

--
-- Table structure for table `galeriaimagenesarticulo`
--

DROP TABLE IF EXISTS `galeriaimagenesarticulo`;
/*!40101 SET @saved_cs_client     = @@character_set_client */;
/*!50503 SET character_set_client = utf8mb4 */;
CREATE TABLE `galeriaimagenesarticulo` (
  `idGaleriaImagenesArticulo` int NOT NULL AUTO_INCREMENT,
  `urlImagen` varchar(255) NOT NULL,
  `articulo_idArticulo` int NOT NULL,
  PRIMARY KEY (`idGaleriaImagenesArticulo`),
  KEY `fk_galeriaImagenesArticulo_articulo1_idx` (`articulo_idArticulo`),
  CONSTRAINT `fk_galeriaImagenesArticulo_articulo1` FOREIGN KEY (`articulo_idArticulo`) REFERENCES `articulo` (`idArticulo`) ON DELETE CASCADE ON UPDATE RESTRICT
) ENGINE=InnoDB AUTO_INCREMENT=30 DEFAULT CHARSET=utf8mb4 COLLATE=utf8mb4_0900_ai_ci;
/*!40101 SET character_set_client = @saved_cs_client */;

--
-- Dumping data for table `galeriaimagenesarticulo`
--

LOCK TABLES `galeriaimagenesarticulo` WRITE;
/*!40000 ALTER TABLE `galeriaimagenesarticulo` DISABLE KEYS */;
INSERT INTO `galeriaimagenesarticulo` VALUES (1,'https://res.cloudinary.com/dnkmzoohy/image/upload/v1669828381/ciudades/varsovia5_owrfub.jpg',1),(17,'https://res.cloudinary.com/dnkmzoohy/image/upload/v1683060683/articulos/hgv4vq18uvwrcnz39svj.webp',72),(18,'https://res.cloudinary.com/dnkmzoohy/image/upload/v1683099674/articulos/brno2_nfc9jc.jpg',2),(19,'https://res.cloudinary.com/dnkmzoohy/image/upload/v1683099675/articulos/brno4_stonxc.avif',2),(20,'https://res.cloudinary.com/dnkmzoohy/image/upload/v1683099675/articulos/brno3_adwexb.jpg',2),(21,'https://res.cloudinary.com/dnkmzoohy/image/upload/v1683099675/articulos/lyon1_p9okpj.jpg',70),(22,'https://res.cloudinary.com/dnkmzoohy/image/upload/v1683099674/articulos/lyon2_qqyt1y.jpg',70),(23,'https://res.cloudinary.com/dnkmzoohy/image/upload/v1683099675/articulos/lyon3_c7mgfb.jpg',70),(24,'https://res.cloudinary.com/dnkmzoohy/image/upload/v1683099675/articulos/lyon4_icstrt.webp',70),(25,'https://res.cloudinary.com/dnkmzoohy/image/upload/v1683100118/articulos/poland1_thasyv.jpg',1),(26,'https://res.cloudinary.com/dnkmzoohy/image/upload/v1683100118/articulos/poland2_rcnpsd.jpg',1),(27,'https://res.cloudinary.com/dnkmzoohy/image/upload/v1683100118/articulos/poland3_c1qznn.jpg',1),(28,'https://res.cloudinary.com/dnkmzoohy/image/upload/v1683100118/articulos/poland4_ss6yaa.jpg',1),(29,'https://res.cloudinary.com/dnkmzoohy/image/upload/v1683100118/articulos/poland5_huxhem.avif',1);
/*!40000 ALTER TABLE `galeriaimagenesarticulo` ENABLE KEYS */;
UNLOCK TABLES;

--
-- Table structure for table `galeriaimagenesciudad`
--

DROP TABLE IF EXISTS `galeriaimagenesciudad`;
/*!40101 SET @saved_cs_client     = @@character_set_client */;
/*!50503 SET character_set_client = utf8mb4 */;
CREATE TABLE `galeriaimagenesciudad` (
  `idGaleriaImagenesCiudad` int NOT NULL AUTO_INCREMENT,
  `urlImagen` varchar(255) NOT NULL,
  `ciudad_idCiudad` int NOT NULL,
  PRIMARY KEY (`idGaleriaImagenesCiudad`),
  KEY `fk_galeriaImagenesCiudad_ciudad1_idx` (`ciudad_idCiudad`),
  CONSTRAINT `fk_galeriaImagenesCiudad_ciudad1` FOREIGN KEY (`ciudad_idCiudad`) REFERENCES `ciudad` (`idCiudad`) ON DELETE CASCADE ON UPDATE RESTRICT
) ENGINE=InnoDB AUTO_INCREMENT=18 DEFAULT CHARSET=utf8mb4 COLLATE=utf8mb4_0900_ai_ci;
/*!40101 SET character_set_client = @saved_cs_client */;

--
-- Dumping data for table `galeriaimagenesciudad`
--

LOCK TABLES `galeriaimagenesciudad` WRITE;
/*!40000 ALTER TABLE `galeriaimagenesciudad` DISABLE KEYS */;
INSERT INTO `galeriaimagenesciudad` VALUES (1,'https://res.cloudinary.com/dnkmzoohy/image/upload/v1669828381/ciudades/varsovia2_xbxyo0.webp',1),(2,'https://res.cloudinary.com/dnkmzoohy/image/upload/v1669828381/ciudades/Varsovia3_eygfir.jpg',1),(3,'https://res.cloudinary.com/dnkmzoohy/image/upload/v1669828381/ciudades/varsovia4_hby4kb.jpg',1),(4,'https://res.cloudinary.com/dnkmzoohy/image/upload/v1669828381/ciudades/varsovia5_owrfub.jpg',1),(5,'https://res.cloudinary.com/dnkmzoohy/image/upload/v1674256283/ciudades/brno2_vcgbwa.jpg',8),(6,'https://res.cloudinary.com/dnkmzoohy/image/upload/v1674256282/ciudades/brno3_xziqb8.jpg',8),(7,'https://res.cloudinary.com/dnkmzoohy/image/upload/v1674256283/ciudades/brno4_mwvo74.jpg',8),(8,'https://res.cloudinary.com/dnkmzoohy/image/upload/v1674256283/ciudades/brno5_orw3rl.jpg',8),(9,'https://res.cloudinary.com/dnkmzoohy/image/upload/v1674256283/ciudades/brno6_an76bf.webp',8),(10,'https://res.cloudinary.com/dnkmzoohy/image/upload/v1674256283/ciudades/brno7_s2ca5r.jpg',8),(11,'https://res.cloudinary.com/dnkmzoohy/image/upload/v1674255867/ciudades/olomouc_i9tr65.jpg',16),(12,'https://res.cloudinary.com/dnkmzoohy/image/upload/v1674255580/ciudades/ostrava_fmsmgx.jpg',14);
/*!40000 ALTER TABLE `galeriaimagenesciudad` ENABLE KEYS */;
UNLOCK TABLES;

--
-- Table structure for table `languages`
--

DROP TABLE IF EXISTS `languages`;
/*!40101 SET @saved_cs_client     = @@character_set_client */;
/*!50503 SET character_set_client = utf8mb4 */;
CREATE TABLE `languages` (
  `id` int NOT NULL AUTO_INCREMENT,
  `name` varchar(45) DEFAULT NULL,
  `programers` int DEFAULT NULL,
  PRIMARY KEY (`id`)
) ENGINE=InnoDB AUTO_INCREMENT=9 DEFAULT CHARSET=utf8mb4 COLLATE=utf8mb4_0900_ai_ci;
/*!40101 SET character_set_client = @saved_cs_client */;

--
-- Dumping data for table `languages`
--

LOCK TABLES `languages` WRITE;
/*!40000 ALTER TABLE `languages` DISABLE KEYS */;
INSERT INTO `languages` VALUES (7,'python',21);
/*!40000 ALTER TABLE `languages` ENABLE KEYS */;
UNLOCK TABLES;

--
-- Table structure for table `logro`
--

DROP TABLE IF EXISTS `logro`;
/*!40101 SET @saved_cs_client     = @@character_set_client */;
/*!50503 SET character_set_client = utf8mb4 */;
CREATE TABLE `logro` (
  `idLogro` int NOT NULL AUTO_INCREMENT,
  `nombre` varchar(255) NOT NULL,
  `descripcion` varchar(255) NOT NULL,
  `url` varchar(255) NOT NULL,
  `rol_idRol` int NOT NULL,
  PRIMARY KEY (`idLogro`),
  KEY `fk_logro_rol1_idx` (`rol_idRol`),
  CONSTRAINT `fk_logro_rol1` FOREIGN KEY (`rol_idRol`) REFERENCES `rol` (`idRol`) ON DELETE CASCADE
) ENGINE=InnoDB AUTO_INCREMENT=11 DEFAULT CHARSET=utf8mb4 COLLATE=utf8mb4_0900_ai_ci;
/*!40101 SET character_set_client = @saved_cs_client */;

--
-- Dumping data for table `logro`
--

LOCK TABLES `logro` WRITE;
/*!40000 ALTER TABLE `logro` DISABLE KEYS */;
INSERT INTO `logro` VALUES (1,'¡Bienvenido a la comunidad!','Activa tu cuenta y confirma tu dirección de correo.',' https://res.cloudinary.com/dnkmzoohy/image/upload/v1667133921/logros/turista-novato-basico_tmzaw2.png',1),(2,'Planifica tu próximo viaje','Rellena los campos de destino del perfil.',' ',1),(3,'De cara al mundo','Selecciona una foto de perfil.',' ',1),(4,'Un granito de arena','Comenta, vota, sube un archivo o redacta un artículo.',' ',2),(5,'Siéntete reconfortado','Recibe al menos una valoración positiva en alguna aportación que hayas hecho.',' ',2),(6,'VIP','Consigue el primer puesto en el concurso de puntos',' ',4),(7,'Montículo de arena','Realiza al menos tres aportaciones.',' ',3),(8,'Aporte de interés','Recibe al menos tres valoraciones positivas en una aportación.',' ',3);
/*!40000 ALTER TABLE `logro` ENABLE KEYS */;
UNLOCK TABLES;

--
-- Table structure for table `pais`
--

DROP TABLE IF EXISTS `pais`;
/*!40101 SET @saved_cs_client     = @@character_set_client */;
/*!50503 SET character_set_client = utf8mb4 */;
CREATE TABLE `pais` (
  `idPais` int NOT NULL AUTO_INCREMENT,
  `nombre` varchar(85) NOT NULL,
  `urlBandera` varchar(255) NOT NULL,
  PRIMARY KEY (`idPais`),
  UNIQUE KEY `nombre_UNIQUE` (`nombre`)
) ENGINE=InnoDB AUTO_INCREMENT=83 DEFAULT CHARSET=utf8mb4 COLLATE=utf8mb4_0900_ai_ci;
/*!40101 SET character_set_client = @saved_cs_client */;

--
-- Dumping data for table `pais`
--

LOCK TABLES `pais` WRITE;
/*!40000 ALTER TABLE `pais` DISABLE KEYS */;
INSERT INTO `pais` VALUES (1,'Polonia','https://res.cloudinary.com/dnkmzoohy/image/upload/v1668461916/paises/polonia_w5pxma.png'),(2,'Francia','https://res.cloudinary.com/dnkmzoohy/image/upload/v1667737779/paises/fr_ui6jgo.png'),(3,'Republica Checa','https://res.cloudinary.com/dnkmzoohy/image/upload/v1667737779/paises/cz_v582vg.png'),(4,'Eslovaquia','https://res.cloudinary.com/dnkmzoohy/image/upload/v1667737779/paises/sk_fsghfv.png'),(5,'Italia','https://res.cloudinary.com/dnkmzoohy/image/upload/v1667737924/paises/it_xua94i.png'),(6,'Alemania','https://res.cloudinary.com/dnkmzoohy/image/upload/v1670188345/paises/alemania_w2q0ts.png'),(7,'Turquía','https://res.cloudinary.com/dnkmzoohy/image/upload/v1674245895/paises/turquia_vhwtvn.png'),(8,'Reino Unido','https://res.cloudinary.com/dnkmzoohy/image/upload/v1674251320/paises/reino_unido_h9ec6p.png'),(9,'Letonia','https://res.cloudinary.com/dnkmzoohy/image/upload/v1674251746/paises/letonia_y8tfdl.png'),(10,'Estonia','https://res.cloudinary.com/dnkmzoohy/image/upload/v1674251830/paises/estonia_vz3mkm.png'),(11,'Lituania','https://res.cloudinary.com/dnkmzoohy/image/upload/v1674251947/paises/lituania_sxvigl.png'),(12,'Noruega','https://res.cloudinary.com/dnkmzoohy/image/upload/v1674252293/paises/noruega_bwpgix.png'),(13,'Suecia','https://res.cloudinary.com/dnkmzoohy/image/upload/v1674252779/paises/suecia_p57yhi.png'),(14,'Finlandia','https://res.cloudinary.com/dnkmzoohy/image/upload/v1674252723/paises/finlandia_zscm4p.png'),(15,'Grecia','https://res.cloudinary.com/dnkmzoohy/image/upload/v1674250090/paises/grecia_hexyzc.png'),(16,'Chipre','https://res.cloudinary.com/dnkmzoohy/image/upload/v1674250164/paises/chipre_uzddek.png'),(17,'Bélgica','https://res.cloudinary.com/dnkmzoohy/image/upload/v1674252211/paises/belgica_olhmha.png'),(18,'Países Bajos','https://res.cloudinary.com/dnkmzoohy/image/upload/v1674250317/paises/paises-bajos_mguddp.png'),(19,'Austria','https://res.cloudinary.com/dnkmzoohy/image/upload/v1674250398/paises/austria_iykuh3.png'),(20,'Croacia','https://res.cloudinary.com/dnkmzoohy/image/upload/v1674252656/paises/croacia_dgx4ow.png'),(21,'Rumanía','https://res.cloudinary.com/dnkmzoohy/image/upload/v1674250472/paises/rumania_tga0x5.png'),(22,'Hungría','https://res.cloudinary.com/dnkmzoohy/image/upload/v1674252566/paises/hungria_o5jc1e.png'),(23,'Bulgaria','https://res.cloudinary.com/dnkmzoohy/image/upload/v1674252482/paises/bulgaria_kkt5xe.png'),(24,'Portugal','https://res.cloudinary.com/dnkmzoohy/image/upload/v1674250603/paises/portugal_fqu2m6.png'),(25,'Dinamarca','https://res.cloudinary.com/dnkmzoohy/image/upload/v1674955034/paises/arb7fuzfjl792saeli1k.png');
/*!40000 ALTER TABLE `pais` ENABLE KEYS */;
UNLOCK TABLES;

--
-- Table structure for table `rol`
--

DROP TABLE IF EXISTS `rol`;
/*!40101 SET @saved_cs_client     = @@character_set_client */;
/*!50503 SET character_set_client = utf8mb4 */;
CREATE TABLE `rol` (
  `idRol` int NOT NULL AUTO_INCREMENT,
  `nombre` varchar(255) NOT NULL,
  PRIMARY KEY (`idRol`),
  UNIQUE KEY `nombre_rol_UNIQUE` (`nombre`)
) ENGINE=InnoDB AUTO_INCREMENT=9 DEFAULT CHARSET=utf8mb4 COLLATE=utf8mb4_0900_ai_ci;
/*!40101 SET character_set_client = @saved_cs_client */;

--
-- Dumping data for table `rol`
--

LOCK TABLES `rol` WRITE;
/*!40000 ALTER TABLE `rol` DISABLE KEYS */;
INSERT INTO `rol` VALUES (6,'Administrador'),(3,'Aventurero'),(2,'Mochilero'),(5,'Trotamundos'),(1,'Turista'),(4,'Viajero Experto');
/*!40000 ALTER TABLE `rol` ENABLE KEYS */;
UNLOCK TABLES;

--
-- Table structure for table `universidad`
--

DROP TABLE IF EXISTS `universidad`;
/*!40101 SET @saved_cs_client     = @@character_set_client */;
/*!50503 SET character_set_client = utf8mb4 */;
CREATE TABLE `universidad` (
  `idUniversidad` int NOT NULL AUTO_INCREMENT,
  `nombre` varchar(150) NOT NULL,
  `urlLogo` varchar(255) NOT NULL,
  `ciudad_idCiudad` int NOT NULL,
  PRIMARY KEY (`idUniversidad`),
  KEY `fk_universidad_ciudad1_idx` (`ciudad_idCiudad`),
  CONSTRAINT `fk_universidad_ciudad1` FOREIGN KEY (`ciudad_idCiudad`) REFERENCES `ciudad` (`idCiudad`) ON DELETE CASCADE
) ENGINE=InnoDB AUTO_INCREMENT=11 DEFAULT CHARSET=utf8mb4 COLLATE=utf8mb4_0900_ai_ci;
/*!40101 SET character_set_client = @saved_cs_client */;

--
-- Dumping data for table `universidad`
--

LOCK TABLES `universidad` WRITE;
/*!40000 ALTER TABLE `universidad` DISABLE KEYS */;
INSERT INTO `universidad` VALUES (1,'Universidad Tecnológica de Varsovia','https://res.cloudinary.com/dnkmzoohy/image/upload/v1668115587/logosUniversidades/Sin_t%C3%ADtulo-2-removebg-preview_h6torr.png',1),(2,'Universidad de Bolonia','https://res.cloudinary.com/dnkmzoohy/image/upload/v1668115091/logosUniversidades/UniversidadBolonia_u9ybfv.png',2),(3,'Universidad Tecnológica de Brno','https://res.cloudinary.com/dnkmzoohy/image/upload/v1674257691/logosUniversidades/universidad-tech-brno_vs13su.png',8),(6,'Universidad Masaryk','https://res.cloudinary.com/dnkmzoohy/image/upload/v1674257108/logosUniversidades/masaryk-university_bl7md0.png',8),(7,'Universidad Mendel en Brno','https://res.cloudinary.com/dnkmzoohy/image/upload/v1674258104/logosUniversidades/universidad-mendel_osnest.png',8);
/*!40000 ALTER TABLE `universidad` ENABLE KEYS */;
UNLOCK TABLES;

--
-- Table structure for table `usuario`
--

DROP TABLE IF EXISTS `usuario`;
/*!40101 SET @saved_cs_client     = @@character_set_client */;
/*!50503 SET character_set_client = utf8mb4 */;
CREATE TABLE `usuario` (
  `idUsuario` int NOT NULL AUTO_INCREMENT,
  `nombre` varchar(150) NOT NULL,
  `apellido1` varchar(150) NOT NULL,
  `apellido2` varchar(150) DEFAULT NULL,
  `nombreUsuario` varchar(25) NOT NULL,
  `email` varchar(255) NOT NULL,
  `contrasena` varchar(255) NOT NULL,
  `urlFotoPerfil` varchar(255) DEFAULT NULL,
  `cuentaActivada` enum('Si','No') NOT NULL DEFAULT 'No',
  `fechaCreacionCuenta` datetime NOT NULL DEFAULT CURRENT_TIMESTAMP,
  `rol_idRol` int DEFAULT NULL,
  `facultad_idFacultad` int DEFAULT NULL,
  PRIMARY KEY (`idUsuario`),
  UNIQUE KEY `email_UNIQUE` (`email`),
  UNIQUE KEY `nombre_usuario_UNIQUE` (`nombreUsuario`),
  KEY `fk_Usuario_Rol1_idx` (`rol_idRol`),
  KEY `fk_usuario_facultad1_idx` (`facultad_idFacultad`),
  CONSTRAINT `fk_usuario_facultad1` FOREIGN KEY (`facultad_idFacultad`) REFERENCES `facultad` (`idfacultad`),
  CONSTRAINT `fk_Usuario_Rol1` FOREIGN KEY (`rol_idRol`) REFERENCES `rol` (`idRol`)
) ENGINE=InnoDB AUTO_INCREMENT=47 DEFAULT CHARSET=utf8mb4 COLLATE=utf8mb4_0900_ai_ci;
/*!40101 SET character_set_client = @saved_cs_client */;

--
-- Dumping data for table `usuario`
--

LOCK TABLES `usuario` WRITE;
/*!40000 ALTER TABLE `usuario` DISABLE KEYS */;
INSERT INTO `usuario` VALUES (1,'Turista','Ejemplo','Admin','Turista','turista@goerasmus.com','$2a$10$uR3V.Kqy4G0QQf2ItkwxCe8QshHCRpJfcFfgVY7FPz.fhRPA.tzX6','https://res.cloudinary.com/dnkmzoohy/image/upload/v1667133921/logros/turista-novato-basico_tmzaw2.png','Si','2023-01-18 14:45:37',1,1),(2,'Mochilero','Ejemplo','Admin','mochilero','mochilero@goerasmus.com','$2a$10$UpxhQrKrvaAfJkeUGTwrDujAxOHfGVMpj1I6934TxdOVPA/3DdbIW','https://res.cloudinary.com/dnkmzoohy/image/upload/v1667133961/logros/mochilero-bronce_ssrfpt.png','Si','2023-01-21 18:53:05',2,2),(3,'Aventurero','Ejemplo','Admin','aventurero','aventurero@goerasmus.com','$2a$10$UABVEXi4bKqDStPs98KdqO3cGW2ataMLg1R5gm2vf/7Fhb89NF5za','https://res.cloudinary.com/dnkmzoohy/image/upload/v1667133961/logros/aventurero-plata_fc2lpi.png','Si','2023-01-21 18:53:53',3,3),(4,'Viajero Experto','Ejemplo','Admin','viajero-experto','viajero_experto@goerasmus.com','$2a$10$m1tjwzUZXelZspM3AA2lPeDlT4GwWxuxoC4OKt9IXnej7KN0lmlSa','https://res.cloudinary.com/dnkmzoohy/image/upload/v1667133961/logros/viajero-experto-oro_dentw0.png','Si','2023-01-21 18:54:57',4,5),(5,'Trotamundos','Ejemplo','Admin','trotamundos','trotamundos@goerasmus.com','$2a$10$s.hJOrlZIRDeTGn/dhPw3OuaYjj4fnS0B9GTfZkv.R6YjlaSxkY0O','https://res.cloudinary.com/dnkmzoohy/image/upload/v1667133961/logros/trotamundos-diamante_rkglgs.png','Si','2023-01-21 18:55:40',5,6),(6,'GoErasmus','Support','Admin','GoErasmus','soporte.goerasmus@gmail.com','$2a$10$yDhC85eO6e.24H6gjLamG.p1nY1ePOFjdFjJ/tzgHL56sq/plEj4C','https://res.cloudinary.com/dnkmzoohy/image/upload/v1674323969/profile/mundo_r38yam.png','Si','2023-01-21 18:56:35',6,NULL),(19,'Juan Antonio','Dominguez','Arcas','Juanandarcas','juanandarcas@uma.es','$2a$10$nQN5CvXKwM0/gQlCxKGrYeAzJ2XL.CXO1OvZ7GxEoFItdSCR7aANS','https://res.cloudinary.com/dnkmzoohy/image/upload/v1677024750/profile/bocchi_amsiedad_a7acuh.gif','Si','2022-12-03 19:22:28',6,4),(46,'Juan Antonio','Dominguez',NULL,'juanantonio2898','juanantonio.2898@gmail.com','$2a$10$JFCiDMHRPU0ILSZDGdMjD.CeH7cbNsThNZ5fLBvT9lfsL9ujWwa/q',NULL,'No','2023-04-27 22:42:31',1,NULL);
/*!40000 ALTER TABLE `usuario` ENABLE KEYS */;
UNLOCK TABLES;

--
-- Table structure for table `usuariologro`
--

DROP TABLE IF EXISTS `usuariologro`;
/*!40101 SET @saved_cs_client     = @@character_set_client */;
/*!50503 SET character_set_client = utf8mb4 */;
CREATE TABLE `usuariologro` (
  `usuario_idUsuario` int NOT NULL,
  `logro_idLogro` int NOT NULL,
  PRIMARY KEY (`usuario_idUsuario`,`logro_idLogro`),
  KEY `fk_usuario_has_logro_logro1_idx` (`logro_idLogro`),
  KEY `fk_usuario_has_logro_usuario1_idx` (`usuario_idUsuario`),
  CONSTRAINT `fk_usuario_has_logro_logro1` FOREIGN KEY (`logro_idLogro`) REFERENCES `logro` (`idLogro`) ON DELETE CASCADE,
  CONSTRAINT `fk_usuario_has_logro_usuario1` FOREIGN KEY (`usuario_idUsuario`) REFERENCES `usuario` (`idUsuario`) ON DELETE CASCADE
) ENGINE=InnoDB DEFAULT CHARSET=utf8mb4 COLLATE=utf8mb4_0900_ai_ci;
/*!40101 SET character_set_client = @saved_cs_client */;

--
-- Dumping data for table `usuariologro`
--

LOCK TABLES `usuariologro` WRITE;
/*!40000 ALTER TABLE `usuariologro` DISABLE KEYS */;
INSERT INTO `usuariologro` VALUES (19,2),(19,3),(19,4),(19,5),(19,7),(19,8);
/*!40000 ALTER TABLE `usuariologro` ENABLE KEYS */;
UNLOCK TABLES;

--
-- Table structure for table `votacion`
--

DROP TABLE IF EXISTS `votacion`;
/*!40101 SET @saved_cs_client     = @@character_set_client */;
/*!50503 SET character_set_client = utf8mb4 */;
CREATE TABLE `votacion` (
  `idVotacion` int NOT NULL AUTO_INCREMENT,
  `numeroMeGusta` int unsigned NOT NULL DEFAULT '0',
  `numeroNoMeGusta` int unsigned NOT NULL DEFAULT '0',
  `archivo_idArchivo` int DEFAULT NULL,
  `comentario_idComentario` int DEFAULT NULL,
  PRIMARY KEY (`idVotacion`),
  KEY `fk_votacion_archivo1_idx` (`archivo_idArchivo`),
  KEY `fk_votacion_comentario1_idx` (`comentario_idComentario`),
  CONSTRAINT `fk_votacion_archivo1` FOREIGN KEY (`archivo_idArchivo`) REFERENCES `archivo` (`idArchivo`) ON DELETE CASCADE ON UPDATE RESTRICT,
  CONSTRAINT `fk_votacion_comentario1` FOREIGN KEY (`comentario_idComentario`) REFERENCES `comentario` (`idComentario`) ON DELETE CASCADE ON UPDATE RESTRICT
) ENGINE=InnoDB AUTO_INCREMENT=29 DEFAULT CHARSET=utf8mb4 COLLATE=utf8mb4_0900_ai_ci;
/*!40101 SET character_set_client = @saved_cs_client */;

--
-- Dumping data for table `votacion`
--

LOCK TABLES `votacion` WRITE;
/*!40000 ALTER TABLE `votacion` DISABLE KEYS */;
INSERT INTO `votacion` VALUES (1,5,2,1,NULL),(2,42,24,NULL,1),(4,1,0,NULL,7),(5,1,1,NULL,8),(7,0,1,NULL,10),(8,1,1,NULL,11),(9,2,0,NULL,12),(10,0,3,NULL,13),(11,2,1,NULL,14),(12,3,0,NULL,15),(13,1,0,NULL,16),(14,0,1,NULL,17),(15,0,0,5,NULL),(16,0,0,6,NULL),(17,0,0,NULL,18),(18,0,0,7,NULL),(19,0,0,8,NULL),(20,0,0,9,NULL),(21,0,0,10,NULL),(22,0,0,11,NULL),(23,0,0,12,NULL),(24,0,0,NULL,19),(25,0,0,13,NULL),(26,0,0,14,NULL),(27,0,0,NULL,20),(28,0,0,NULL,21);
/*!40000 ALTER TABLE `votacion` ENABLE KEYS */;
UNLOCK TABLES;

--
-- Table structure for table `votacion_usuario`
--

DROP TABLE IF EXISTS `votacion_usuario`;
/*!40101 SET @saved_cs_client     = @@character_set_client */;
/*!50503 SET character_set_client = utf8mb4 */;
CREATE TABLE `votacion_usuario` (
  `usuario_idUsuario` int NOT NULL,
  `votacion_idVotacion` int NOT NULL,
  PRIMARY KEY (`usuario_idUsuario`,`votacion_idVotacion`),
  KEY `fk_votacion_usuario_usuario1_idx` (`usuario_idUsuario`),
  KEY `fk_votacion_usuario_votacion1_idx` (`votacion_idVotacion`),
  CONSTRAINT `fk_votacion_usuario_usuario1` FOREIGN KEY (`usuario_idUsuario`) REFERENCES `usuario` (`idUsuario`) ON DELETE RESTRICT ON UPDATE RESTRICT,
  CONSTRAINT `fk_votacion_usuario_votacion1` FOREIGN KEY (`votacion_idVotacion`) REFERENCES `votacion` (`idVotacion`) ON DELETE CASCADE ON UPDATE RESTRICT
) ENGINE=InnoDB DEFAULT CHARSET=utf8mb4 COLLATE=utf8mb4_0900_ai_ci;
/*!40101 SET character_set_client = @saved_cs_client */;

--
-- Dumping data for table `votacion_usuario`
--

LOCK TABLES `votacion_usuario` WRITE;
/*!40000 ALTER TABLE `votacion_usuario` DISABLE KEYS */;
INSERT INTO `votacion_usuario` VALUES (2,10),(2,11),(2,12),(5,4),(5,5),(5,7),(5,8),(5,9),(5,10),(5,11),(5,12),(19,5),(19,8),(19,9),(19,10),(19,11),(19,12),(19,13),(19,14),(46,1);
/*!40000 ALTER TABLE `votacion_usuario` ENABLE KEYS */;
UNLOCK TABLES;

--
-- Table structure for table `votacionarticulo`
--

DROP TABLE IF EXISTS `votacionarticulo`;
/*!40101 SET @saved_cs_client     = @@character_set_client */;
/*!50503 SET character_set_client = utf8mb4 */;
CREATE TABLE `votacionarticulo` (
  `usuario_idUsuario` int NOT NULL,
  `articulo_idArticulo` int NOT NULL,
  PRIMARY KEY (`usuario_idUsuario`,`articulo_idArticulo`),
  KEY `fk_votacionArticulo_usuario1_idx` (`usuario_idUsuario`),
  KEY `fk_votacionArticulo_articulo1_idx` (`articulo_idArticulo`),
  CONSTRAINT `fk_votacionArticulo_articulo1` FOREIGN KEY (`articulo_idArticulo`) REFERENCES `articulo` (`idArticulo`) ON DELETE CASCADE,
  CONSTRAINT `fk_votacionArticulo_usuario1` FOREIGN KEY (`usuario_idUsuario`) REFERENCES `usuario` (`idUsuario`)
) ENGINE=InnoDB DEFAULT CHARSET=utf8mb4 COLLATE=utf8mb4_0900_ai_ci;
/*!40101 SET character_set_client = @saved_cs_client */;

--
-- Dumping data for table `votacionarticulo`
--

LOCK TABLES `votacionarticulo` WRITE;
/*!40000 ALTER TABLE `votacionarticulo` DISABLE KEYS */;
INSERT INTO `votacionarticulo` VALUES (1,1),(2,1),(3,1),(3,2),(4,1),(5,1),(6,2),(19,1);
/*!40000 ALTER TABLE `votacionarticulo` ENABLE KEYS */;
UNLOCK TABLES;

--
-- Table structure for table `votacionponderada`
--

DROP TABLE IF EXISTS `votacionponderada`;
/*!40101 SET @saved_cs_client     = @@character_set_client */;
/*!50503 SET character_set_client = utf8mb4 */;
CREATE TABLE `votacionponderada` (
  `comentario_idComentario` int NOT NULL,
  `asignatura_idAsignatura` int NOT NULL,
  `nota` int NOT NULL DEFAULT '0',
  PRIMARY KEY (`comentario_idComentario`,`asignatura_idAsignatura`),
  KEY `fk_votacionPonderada_comentario1_idx` (`comentario_idComentario`),
  KEY `fk_votacionPonderada_asignatura1_idx` (`asignatura_idAsignatura`),
  CONSTRAINT `fk_votacionPonderada_asignatura1` FOREIGN KEY (`asignatura_idAsignatura`) REFERENCES `asignatura` (`idAsignatura`) ON DELETE CASCADE,
  CONSTRAINT `fk_votacionPonderada_comentario1` FOREIGN KEY (`comentario_idComentario`) REFERENCES `comentario` (`idComentario`) ON DELETE CASCADE
) ENGINE=InnoDB DEFAULT CHARSET=utf8mb4 COLLATE=utf8mb4_0900_ai_ci;
/*!40101 SET character_set_client = @saved_cs_client */;

--
-- Dumping data for table `votacionponderada`
--

LOCK TABLES `votacionponderada` WRITE;
/*!40000 ALTER TABLE `votacionponderada` DISABLE KEYS */;
INSERT INTO `votacionponderada` VALUES (8,1,8),(17,1,6),(18,2,3),(19,2,5),(20,1,2);
/*!40000 ALTER TABLE `votacionponderada` ENABLE KEYS */;
UNLOCK TABLES;
/*!40103 SET TIME_ZONE=@OLD_TIME_ZONE */;

/*!40101 SET SQL_MODE=@OLD_SQL_MODE */;
/*!40014 SET FOREIGN_KEY_CHECKS=@OLD_FOREIGN_KEY_CHECKS */;
/*!40014 SET UNIQUE_CHECKS=@OLD_UNIQUE_CHECKS */;
/*!40101 SET CHARACTER_SET_CLIENT=@OLD_CHARACTER_SET_CLIENT */;
/*!40101 SET CHARACTER_SET_RESULTS=@OLD_CHARACTER_SET_RESULTS */;
/*!40101 SET COLLATION_CONNECTION=@OLD_COLLATION_CONNECTION */;
/*!40111 SET SQL_NOTES=@OLD_SQL_NOTES */;

-- Dump completed on 2023-05-12 10:05:28
